Khowar,English
ہیسہیسَ دُوروَابادَاریر۔,He got the house settled and functioning
اپاَکَ,mouth
ڈقو اپاک ݯ ھَ مَوران,The boy's mouth is hurting.
َََ ایَ اپاک لو دیَ نوَپرائی,He didn't even say a single sentence.
َََ تہَ اپاکَزوالو۔,Idiom. Your mouth is sweet. (i.e. you say good
مہ پیٹیک ا تر وݯیَ شیر۔,My doputtah (scarf) is torn.
َََ ہیسَ رغیشٹیَ دوری ا تیتائی۔َ,S/he went into the house early
َََ دکائیَ ݯھوغ ا تیتائی۔َ,A thief entered/broke into the shop.
ا چو غن,liquid
ا چو غنَ شَیاقَََکورے۔,Make thin mud (i.e. too liquid to carry in a
ا چوغنیوَ متےدیت،َݱاقیو ت و پیرَ۔َ,Give me the (thin) liquid part; you drink
سونوغرا ا څ بو شیٹی۔,There are many springs in Sonoghor.
ادراخ,hillside
پایان گٹی ادراختو بیمانَ ۔,I am taking the goats to the
ادیناَ دوݰَاوشوئی۔,Friday was yesterday.
ارقا,upper back
َََ مہ ارقاَ ݯ ھموران۔,My back is hurting.
َََ ارقا کوچھاَوَے۔َ,
اڑوک شخ نوَکوسانا؟,Aren't you going to make pumpkin curry?
َ اڑیو خون اڑیوَََگیردانہ۔,Proverb. The murder of a duck is its own fault.
ہائی۔َہیہَساَلَڑیَنوَہائی۔َ,This year the ducks haven't come.
اژیلیَاژیکو بومیرایک کویس۔,On the birth of a baby we congratulate (each
َََ تہ ژاؤ اݱغالداریَاریرا؟,Has your son gotten married?
َ جم اݱغالَ موشو زندگی۔َ,A good wife is a man's life.
ڈقوَ سَو ا سیرو ن سائی۔َََ , Chicken pox came out on the boy. (The boy has smallpox.)
ا سپسارَ دَََوَریَََاسورا؟,Is (my) younger sister at home? 
ا سَ پَوَساَرَ, sister
?ا س پسارَ دَََوَریَََاسورا,Is (my) younger sister at home?
 ا سپہ ,our
َ ا سپہَژغہ بو ا ݰاک۔,Our place/region is very cold.
َ ا سپہَََگوسیان۔,We are coming.
ا ستادَدار تچھیرانَ,The carpenter is smoothing/fitting the wood
سیےَیَ,female 
پائی ا سیےیسیےیَچھائیَََاریر۔,The goat gave birth to a female
ا ستورَ ہلیئک گران بیٹےَ شیر۔,It has become expensive to keep a horse.
ہیہ بوہتو اسنیئکو بوسا؟, The cat grabbed hold of the lungs
 پ ویسی اسقاری ݯوگَ بوہتَہوئی۔, Can you lift this rock?
شپاش ور گیٹے بغائیَ, His/her/my father -in-law came and then left
اسقان,easy
ا شیریشیَوَئے, mother in law
ا شتوخیک,to sneeze 
 ا شٹ وریک, to run away
ݯھوغ پو لوسوَموڑار ا شٹورتائی۔,The thief escaped from the police.
ڈق ا شٹوکشٹوکَکونیان۔,The boys are playing/dancing.
 اش رَو,tears
اشی وانَغوݯار کوریَمہ نسہَہائی۔,Weeping a waterfall of tears s/he came to me.
 ا شالَکَ ,unfermented
نوَہوئی۔,The bread turned out to be unleavened
شلوَکَ,piece of wood
تروئی ا شلوکانَسورا چائی لوچھیتائی۔,Tea was made (lit. boiled) with (only) three
ا ش لوکَ , dried up
لیَشَوؤَدیٹیََََ ا شَ لوک کاَََر دُو۔,The calf (unobserved) sucked the cow
جم ا شلیکَدارو گناسَانگتر۔,Bring a nice smooth piece of wood.
کیہ ا شناریَمتَدوسانا؟,Do you want to give me something?
 ا ݰاَکَ,cold
چھ ویوَمہ ا ݰاکَاریر۔,Last night I felt cold.
َََ ڈقوَ ا ݰ کما ݯ ھم وران۔,The boy's stomach is hurting. (The boy has
َََ ہے موشو ا ݰ کَماَ ݯ ھم وران۔,That man's stomach is hurting.
ا وغ اف بیران۔, The water is going
ا لوَ م دگالشٹہ جم بوئی۔,Potatoes grow well in Madaglasht.
رَوَڈقو الیکو نوَزوئیتائی۔َ,The girl refused to marry the boy.
 امبوہ , many
ام وَ,raw
حلوا ام وَ بیرائی۔َ,The halwa is not thoroughly cooked
َ ام وَ نو کوری کݰے، خائی۔َ,Plow without leaving any gaps
وریَشیٹی۔ , There are extremely beautiful flowers on the high mountain slopes.
مہَمییک انداؤَ ژوئی بیٹے اس ور۔,My uncle has a fever.
اوا ن ݰان انزیتام۔َ ََ,I sent a gift.
َََ مہ برارَ متے ا ستور انزیتائی۔,My brother sent me a horse.
انگار بوغد و بیرائی۔,The fire has gone out. (just observed now)
انگیک , to bring
ہݰَ کیہ پائَسہَانگیکوَََبیتائیا؟,Was s/he able to bring any
اواَ ہن ون گیٹےَََاسوم۔,I have come today.
اوچوہٹے, three days
وچوہٹےَ اوشوئی۔َ,Friday was three days before today.
وا۔,Would that I and my beloved were of like
گاز اوݯ بیٹےَََشیٹی۔,The grass has become green.
اوڑین , millet
اوڑیییَی وئے کہاک جم ائیکونَدریٹی۔,(By) eating millet
 ا وغَ uγ n,water
اونشَٹَ õšṭ ,eight
اَوَنشٹ انا چائی بیرائی۔َ,Tea was (once available at) eight annas
 اوہتیرَیَ, day before
 ری بویسےَ اوشوئیََ۔,It (had) rained the day before
دوسیَاوہڅَدوسیَموچیٹی۔َموچیٹی۔,Having caught a bear
اہٹےَ نوَہوتام۔,I didn't get enough to fill my stomach 
مہ ای برارَمہ سار لوٹ ا ی څیق۔,One of my brothers is older than me; the other is younger.
 ا ی کما ,(quantifier) a few
ا ی کماَ ژون ن وما گوئیَ۔,A few persons have not yet turned up.
کہاک ائی کونَدریتائی۔,The hen laid an egg.
شَََاپیر ائیہَََبیران۔,The wolf is going up (the slope/mountain).
ایواکانَ نیریی پلیتَائیََ۔,S/he pulled out the roots and burned them.
اییَبیر، بیرَماڑوئے۔,Proverb. A snake goes only to its own nest.
بار, load
َََ ا ی بارَدارو شورَ روپیا کونیان۔َ,They sell one (man's) load of wood
مَََݰَکیتائی۔َََ ) (,My in -law asked for five slaughtered
مان۔,I am cutting wood with an axe.
بارییکََ,  thin
بارییکَ پونیری چھویو کوسیری نوَبوئی۔,One can't walk on narrow paths
باز وَوَئ َََدرونگاوے۔,Stretch your arm a little this way.
پیرانو باز وَری ا سک وَردیردیَبویان۔,The sleeves of the shirt are going to be
بَائس تہ پلیر۔,The flame will burn you.
باؤ, bundle (of plant parts or products) 
باؤ جَوش بیشیرَروپیہ۔,A bundle of fodder is twenty
بپ لو کیہ پرائی چوڑیتائی۔,What the old man said was very amusing.
لیش وَ بݯھوڑو نیویریتائی۔َ,The cow weaned the
چَایجوش بخَہوئی۔,There is a hole in the teakettle.
 برار ,brother
برارو لوڑی اس پوسارو الوس۔,Look at the brother and (then) marry the
خبارَہوتام۔,When the sheep bleated I became alert.
بران , male sheep
انو بران ادراخہ ک ھل بیٹےَ اسوئی۔,Wild (male) sheep have become extinct on
بر وَ دَششیَ وَئیَََشیٹی۔,His/her eyebrows have grown too much.
بر وکَݯھومیکو اس پتالوت بغائی۔,When his kidney pained him he went to the
ہوئی۔,After hurting for a little while the wound
برونہ توری خ وَرَ۔َم وَڑی خ وَر۔,Lit. On top of the ridge is one thing; on the
بریژایو , sister -in-law 
بریژایگیٹی بوَع زت کوئی۔,Sisters -in-law pay one a lot of
اوبریتائی۔َََ,He died in a plane crash.
َََ بریک خبارَ کوری نوَ گوئی۔َ,Death does not inform one before coming.
کیرییانَََبرینیتائی۔,S/he sheared the sheep.
بَََڑانگ , open space/gap in a forest or hedge
اریر۔,The fox took the hen and escaped through a
ب ڑَڅ ڈقان فوجہ نوَََگانینیان۔,They don't take short boys in the army.
گَمبوریوَ بڑوکان چھینیکو مو الےکَ۔َ,Don't let anyone pick the buds of the flower.
پہلوانپہلوانَسفانتے بڑیتائی۔,The wrestler defeated all of them.
بزبار کہاکو اوائی۔,The eagle took away the hen.
بس , enough!
بس نوَژی بومان۔,That's enough - I don't want to eat (any
مہَسار بشار نو اریر۔,S/he didn't ask me.
بݰ, part
َََ ژوروَت بݰ اوائی۔,S/he took (her/his) daughter's share to
َ ݯھییےو جو بݰ اریٹی۔َ,They divided the field into two parts.
د شل نو کوریکو بݰ۔َ,(Verbal) abuse is not worthy of being done.
نومہَسارَبݰیکَنوَاریر۔َاریر۔,S/he didn't trust me.
بک ݯ ھم وَران۔,(My) throat is hurting.
بتھالو بلو باند ار وا؟,
بلپھاک کو ڑوچیو اوائی۔َ,A hawk took away the chicken.
بلپھاک کویان۔,Lightning is flashin
ب لخوَواغ لشٹووَسارکمَبوئی۔,The price of sloping land is less than that of
بو ل وَ مہ خوشَََنو۔,I don't like too much talking.
بوئی۔َ,After blooming a flower's seeds are formed.
 بوردیک , to grow
ننو جمَدیٹی اژیلَ ݰاؤ بارد وَر۔,If a baby nurses well it will grow
سَََاَؤزیئکوتَََجم۔,Birch wood is good for making plows.
بوڑیَکَ, to speak harshly
نو اویوئی۔َ,When s/he (one person) fried meat s/he
َََ ماللہ گیکوَ تت ژاوو بوڑیتائی۔َ,When the son came late his father become angry
شیر۔,The boundary between Pakistan and
بوسک ,  thick (of flat things like)
بوسکَ زپ یو مونوت جم۔,Thick clothes are good for winter.
ج وَ بسار ئ باݰیران۔,It has been raining for two days.
بوغ وَزو بخی بغَائیُُ۔,The frog went into a hole (and vanished).
 بول مو ژوَ ,earthquake
َہیہَسال ایَ دشَدوڑَ بولیم ژو اریر۔,This year there was a very severe earthquake.
کوئیَََبغائی۔,When it rained the drops fell on the earth
ھُمیر۔,If a bumblebee stings (you) it hurts severely.
بوم بوریݰ کوریکوَڈق بہ توئیتائی۔,When it thundered the boy became
ب وَؤ ان وَسو نوَََپاشیر۔,Owls can't see during the day.
بوؤَتَ ,evening meal
بوؤتَ ژَوئےَ ہاَتام۔,I have come after eating (my) evening
ہتوغو بوؤک پیڅیھ بغائی۔,His wife left (him) (temporarily).
بوؤلَ بیکو چھویوَسخت ا ݰاکَبوئی۔,When the Pleiades and the moon appear
ڑوووبوہتیییَیوووَپرائی۔َپرائی۔,He hit the fox with a stone.
 بوہتیریَََنیتائی۔,He threw a stone (at something).
بوہتوئیتائی۔َ,The boy saw the wolf and  was afraid
َََ شاپیر ریکوَ ڈقَ بوہتَوئیران۔َ,The boy is afraid of wolves.
بوئیکَ شَلیو اپھیٹی اواَئی۔,Lit. The birds pecked the rice and took it
 بوئیک , to plant
پھور دَو بوئیکَ مہَخوش۔,I love planting
ئرَ نوَََاژیتائی۔,The seed hasn't sprouted.
بیچو پوشاؤَ ئرَ اسور۔,S/he has gone to meet his/her
ہیہ سال بیرموغان الؤَََبو شیر۔,This year the walnut crop/yield is
مہ پھٹےَ بیرو پشاوراَاباد۔,Some of my relatives are settled in
چھویو بیری ن سیکوَنوَََبویان۔,S/he can't go out at night (e.g. because of
َ ئر ڑوئیری انگارو پھوئی۔,Blow the fire with a blowpipe.
َََ ڈوم بیریو بشیران۔ , The Dom (professional musician) is playing a flute.
ڈَقوَ بیریی اسوساَََنو؟َ,Have you swaddled the (baby) boy or
غیردیَ اݯرَ گیاؤ مہَ بیریارَاریر۔,Going and coming back repeatedly s/he has
ہنون کیاغ بیرییمیکوَََبیتاوا؟,Were you able to sell anything today?
 بیس , eggs or larva of insects
دریروَبیسَدریروَبیرائی۔َبیرائی۔,Flies have laid eggs on the meat 
بیشڈین ,damned accursed place/thing 
نوَہوتام۔,I have never been happy in this damned
بیشیر بٹیَ ژوَ مݰکیتائی۔,S/he asked for baṭis of grain.
نوَ بیک کیہ لو۔,Lit. What (kind of) utterance is not to be able.
بیکَ مݰکیسانا؟,Do you want to go?
بیلوَسورا توقَ مت انگتر۔,Bring me some mud with a spade.
بیہچیک , to remain
َ پخٹے بیہچیتائی۔,(Some) rice is left.
َ ا ستور بیہچیتائی۔,The horse is (so) tired (that it can't walk
پارویزیک ,  to conclude a function
َََ خوشانیوَ پارویزی تھے بوغیَ۔َ,Complete the celebration and then go.
َََ اوا مینوان پارویزیَ اݯر گوم۔َ,I will see off the guests and come back.
َََ دارانَ پازہَ ٹیپ کوری اوائی۔َ,S/he took away an armful of wood.
شیتائیََ۔,
پاٹ گانَ شخَزوا لو بوئی۔,Cooked eggplant is very tasty.
 پاٹ نگیری ,tomato
پاٹ نگیری گوغینیَہوئی۔,The tomatoes have been infested by bugs.
پاغیَکَ , to sharpen 
واژوَ پاغیَََاالوا؟,Have you sharpened the adze and brought it?
 پا لم , fine; small; change (money)
ژوؤ پا لم پیݰے۔,Grind the grain fine.
یور پچیران۔,The sun is roasting (me/us).
پچ ھمبیری نوغَ دوری بینیان۔ , On Thursday they are going to their new home.
پختوریَ ,sunny side of valley
پختوریَ ژغا نیامتَݰاؤ تریر۔,Crops ripen early/earlier in sunny places.
پخٹے , rice (hulled cooked) any whole boiled
ژیریاَ پخٹے پچیتائی۔,They cooked rice at the celebration.
 پران و , old
پرانو ختان یو غیریتائی۔,The old house collapsed.
پریچھیک , to throw away/out
کاغوکاغوَوارغانو پریچھیتائی۔,S/he threw out the carcass of the crow.
پڑغوچھیَکَ , to become entangled in
پڑغوچھیروَََبیرائی۔,The calf has got entangled (in ropes). (learned
پژالَ پایان ن ما انگوئی۔,The shepherd hasn't yet brought the goats.
ک ھریسَ ݱنگ،َمیری پستَشیر۔,The chair is high (but) the table is low.
َ پشہ کاَ گٹیَ االئی؟,Who brought you?
َ ق لم پساَ – مہ؟,Is the pen yours or mine?
پشائی چھوتیمانَ بیٹےَََشیر۔,(His/her/your) forehead is smudged with
پ شور نو پوݯر رو بیرائی۔,The meat is not fully cooked. (just observed)
پشیرَیَ , afternoon 
چورَ بجارواَچورَبجارَ اݯر نوَبوئی۔,The afternoon prayer cannot be said before
بو سَََوَن کہَہوئی پل من ڈوک گوئی۔,When spring comes the butterflies come.
 پ لوَݰ وَ, flea
س روزوَموڑا پ لوݰو بوئی۔,Beneath juniper trees there are usually fleas.
پلوغانَالؤ نییک۔,There is no fruit on the apple trees.
بوئی۔, Lit. In an anthill death is never
 پلیلَ ڈق لہازَہوئی۔,The poor little boy got sick.
 پنڈو رو,pinḍóru  round (of flat things)
کغاذو پنڈورو چھییی۔,Cut the paper round.
ٹییکَ پ چوران۔,Bread is cooking (being
پوݯ پو لوَئیکو خیر گویان۔,I smell burning feathers. (Lit. The smell of
پور بوݰیک نو بیٹےَ زمیری پو لوئیتائی۔,Since it didn't rain last year the land burnt
ماالن پر دََُوُمَژیر دو۔َ,A leopard ate the cattle 
پو رَََوَزیک , to be finished
ݰَپیکَََکورے۔,Sift the flour and make bread.
انوسو پوریکَ مہ کیہ خوشَنو۔,I don't like to sleep during the day.
پَوَیسیَََݯھیر تانَ مݰکیر۔,Cats want only milk.
چھویو ݯھوغوَ نوَپوشیتائی۔,They didn't see the thief at night 
ڈق پوݰَسیرینیاں۔,The boys are hauling manure 
پوݰپارَ شوَسَََاَؤَزَبوئی۔,From wool handloom cloth is made.
پو لوئیک , to burn
پخٹے پولوئیرو بیرائی۔,The rice is burned (just observed).
پویلَ ,  rotten; decomposed;chronically ill
َ پویلَ پلوغ تروق بوئی۔َ,A rotten apple is bitter.
َ پویلَ رویو کیہَزندگی۔َ,What life does a chronically ill person
زَپو ڈیکیپوَڈیکیَپولیتام۔َپولیتام۔,I wrapped the cloth around my leg. 
پون پونَََا ن شاؤ بغاتام۔,I went along sitting (i.e. resting) at many
ژیری مت کیہ پون نوَپرائی۔,I didn't enjoy the celebration
پونگ بوہتہ شییخیَََپرائی۔,(I) stubbed (my) toe on a rock (and it was
ٹ وَنجو پہانہَ بخَ بیٹےَََشیر۔,There is a hole in the bottom of the
قاقَہوتام۔َََ  ,I am completely dried out from thirst.
َ ا وغ پیارو گویان۔,I am feeling thirsty.
پیٹیک پر دوئیَ اسور۔,She is wearing a dupattah.
چائی پیݯ بیرائی۔َمہ پلیتائی۔,The tea was hot (learned upon drinking it); it burned me.
 پیڅھیَکَ , to leave; abandon; give up; fire
ت ھوئیک پیڅھیتائی۔,S/he fired a/the gun.
خلتوؤ پیشے روَشیرا؟,Is there (any) flour in the bag?
خوراَََپیݰیران۔,The mill is grinding.
اریر۔,The shirt was too short for the
گویان۔,S/he is coming back from Haj the day after
پینگاچھوئیَ غاڑَشیر۔,Tomorrow (afternoon) there is a polo
پھالَ بوہٹےَ ݯوگَ چھیتیَبغائی۔,The plowshare struck on a rock and broke.
 پھاَنَ , palm of hand
کو رم کوری پھان کوشَہوئی۔,Because of working (hard) (his/her/my) i am tired
پ ھرواَلَ ,shalwar
پ ھروالو پو ا تر وَݯیَ شیر۔َ,The cuff of the shalwar is torn.
مہ پ ھکوڑو گان اوائی۔,The wind took my hat. (i.e. blew it away)
پ ھنیکَ , blow up into the air;
َ گانَہیمو پ ھنیران۔,The wind is blowing the snow up into the air.
َََ دیہقان گومو پاللو پ ھنیران۔,The farmer is winnowing the stack of
 پش ور جم پھوخ بیٹےَ شیر۔,The meat has become nice and soft.
لیری پھوخ بیٹےَََشیرر۔,The knot has become loose.
پ ھوَر ,peak; top; head hair 
تونیݰوَزومو پ ھورا ئرَ ہالَ ہوئی۔,The ibex went to the mountain top and
پھور دوَݯوگَََشیٹی۔,The plants have taken root (and are
پھوست بوٹ لیری نو بویان۔,Leather shoes are not to be found. (i.e. not available)
 پ ھوَکَ , small;
پ ھوک کہَہوئیَ دی گانیسا؟,Even if there is only a little will you take it?
کہاکان ئے پھولوکَدراوے۔,Give grain to the hens.
پھونیک نو بیٹےَ شومو بہانہ۔,Proverb. He who doesn't know how to
ھَََوَئیَ اوائی۔َ,The wind blew away the soil.
َََ ژوؤ پ ھوئی پازگاہَکورے۔,Blow the grain and clean it. 
پیھ ,wooden shovel used for winnowing
ہیمیوَسوراَہیمَشیپیٹی۔َشیپیٹی۔,(People) remove snow with a snow
دار پو لوئی پھیروَہوئی۔,The wood burned and became ashes.
پھیکَ بیٹےَ کیائیَََبوسان؟,Why are you sitting so quietly?
گیرانَََبیرائی۔,It was (reportedly) difficult to obtain sugar
تاڑ تونجَہوئی۔,The keys are lost (i.e. got lost).
تزَََہَ / تازہ , healthy in good condition
کسیران۔,Having recovered
!کیہ تَاَئم کوری ا سویم,What rich food you have cooked! (ironic sense)
 تاؤ , cooking iron
تاؤ نو پیڅھیَاسوئی۔,They haven't yet put the cooking iron in
تائیَتائیکوریَ ڈقو اشٹوکاوے۔,Play with the child by saying tai tai
نن توݰو کیری تت یوَزو کیری۔,Proverb. A mother is (like) the (warm) shelter of ice.
 ت ݯ , n male goat (over four years old)
ژاؤ اژیکو ت ݯ کشے ژیریَاریر۔,When his son was born he slaughtered a goat
ترانگَ زپَمہَ دش۔َ,I don't like tight clothes.
کھانج بول موژیہ ت رَق بغائی۔,The wall cracked in the earthquake.
ت روپ , radish 
ت روپَشوروؤئے بزارا گوئی۔,Radishes come into the market in autumn.
پیری۔,The wooden dish is full of yogurt
تروقَژوڑیَمہ ا ݰکامو ݯ ھمیتائی۔,The bitter apricot gave me a stomach ache.
تروئیَ ژونَژی بونیان۔,Three people are eating.
شوت ترین نوَژیبوم۔,I don't eat sour yogurt.
 ت ݰ ,straw
تف کوریکوَڈق بوغاؤ اوغو ا تینیان۔,When they feel hot boys go and get in the water.
 تک , odd number; decorated buttons pinned on chogha; secret
تائیت کوراک تکَ ݰوائیَ مݰکیتائی۔,The amulet maker asked for an odd number of
?تو دیَََگوسانا؟,Do you also want to come?
بیرائی۔,When guests came to the fort people would fire
توخمیراَنَ , father of son -in-law or daughter -in-law
جمَموش۔ , The father of my son/daughter -in-law is a very góod man.
توریَ دورت و ئر اسور۔,S/he has gone to the upper house.
توریَکَ , to reach  arrive at (place); to touch  hit (target); to ripen (crop)
َََ شَامہ پت ئ نو توریتائی۔َ,S/he didn't reach here by evening.
َ تھوئیک نو توریتائی۔َ,The bullet (lit. rifle) didn't hit (its mark).
َََ گوم توریتائی۔َ,The wheat has ripened.
بوݰیکوَ سخت توقَ ہوئی۔,When it rained it became very muddy.
توئیَ ݰو, ibex
تونیݰوتونیݰوَ ݱنگ زوماَ ہالَََبوئی۔,Ibexes live on/in high mountains.
تیغ , sharp (knife) steep (mountain ridge)
تیغ دہارا گانَ مہَلوݰیتائی۔,On the steep ridge the wind tormented me.
تیری گانہَم رݯھو تھاغ ن ݰپوڑیتائی۔,In the strong wind (thin) branches of the
ت ھرارَروئی کو رمَ ہوݰ کوئی۔,An intelligent person understands how to work.
ََ تھریَشٹ و پوَ لوئیتائی۔َ,The onions dried up (for lack of water).
تروقَ بوئی۔َ , If one breaks the gall bladder meat becomes bitter.
دوس۔َ,Be careful lest you hit the gall bladder.
اوبریتائی۔َ,Lit. Its gall bladder swelled up from cold
ت ھس , water container with spout
ت ھسہ پیݯ ا وغَ متے انگتر۔,Bring me a pitcher of warm water.
 ت ھَفہ , quite 
ت ھل,   fat 
حیوانَہیٹہ ت ھل بوئی۔,Animals get fat when they graze free.
ت ھالخَمہ چموئیَ پرائی۔,The sickle hit (and cut) my finger.
لیشو ت ھَلیئکو نولیئکوَنوَبیتاؤ۔,You weren't able to fatten your cow.
ت ھما لوق , fondness 
پوشیو کیہ ت ھمالوق کوری اسوس۔,What a (spoiled) pet you have made of your cat.
 ت ھما موَ ,many
گونیان۔,Many people are visible.
ت ھمیری , good behavior
ت ھونَ , (physically) active
گتی۔,Look (carefully) and select/take/buy an
ہوئی۔َونَہوئی۔َََ,The father spoke to his son
تھونک ,thin
تھونکَ کغاذ متَ دیتَ۔َ,Give me a piece of thin paper.
بہتوئیتام۔َََ,I feared entering the ford 
َََ تھوہٹےَ دیٹے بوہتوئیتام۔َ,I got frightened when I entered the
تھوئَ یکو بچےَ دودیرَیَبوغی۔,Go far away to spit.
ت ھوئیک پیڅیک بند بیٹےَ شیر۔,Firing of guns has been prohibited.
ڈقانتے تھیئک نو بوئی۔,(The) boys can't stay still.
ٹاراَ تروقَبوئی۔,Mulberry wine is bitter.
جنالیہَروئی ٹ پ بیٹےَ اسوئی۔,The (polo) ground is full of people.
 ٹ ق ,thoughtlessness; haste
ٹ ق کوری لوَدیٹے تنَسوراَاَوَسیتاؤ۔,By speaking thoughtlessly you have made
ٹوقھیئَکَ , to cluck (of hen after laying an egg)
کہاکَٹوقھیران۔,The hen is clucking after laying an egg.
 ٹ َوَََنَ ,tight; full/thick
َََ شَمیٹی ٹ ونَ بیتیَشیر۔,The rope has been tied very tight.
َ کھوٹ ٹ ون بیٹےَََشیر۔,The clouds are very thick.
ٹونگ نو پوݯرَََشیر۔,The pear is not ripe.
ٹ ونگَ , having short ears (of animals)
سیر۔,Proverb. (Even) a short -eared sheep may
 ٹیک , top; upper/elevated part; elevated platform
َََ جیپو ٹیکہ ن یسیَ ہاتام۔َ,I came sitting on top of the jeep.
َ ا وغ ٹیکہ ا ولوئیتائی۔,Water spilled on the elevated platform of
ٹییک ,round loaf of bread; baked in closed metal vessel
ٹییک ا مو بیرائی۔,The bread is uncooked inside (learned on
دواہتہ کا ٹ ھخیران۔,Someone is knocking at the door.
ٹ ھریک ,to sip ; drink
چو غن,Make some soup which one can drink/sip
ٹ ھریئک , to cause to drink/sip; to give
ا وغَمہ ٹ ھراوے۔,Give me a sip of water.
ٹ ھشٹہ کیٹوریَ متے انگتر۔,Bring me some dried mulberries in the basin.
 ٹھورَ بیَکَ , to fall
اوا ژویو ٹیکہ ٹھورَہوتام۔,I fell on the bank of the water channel.
 ٹھوریئک , to cause to fall
ک ھرسیو ٹھوریتام۔,I overturned the chair (accidentally).
ٹھوَسَ ,  of nondescript dull color; i.e. those colors which do not fall clearly within
ٹھوسَ زپَݰاؤ ناغزی نو بوئی۔,Dull-colored clothes do not get dirty
سنجیر ٹ ھونانَسوَرا ٹھٹری ور۔,The main roof beam rests on the pillars.
ٹھون گُیو سورایوَسوراَدارَچھ ینیمان۔,I am cutting wood with a small axe.
اریتام۔,When they whispered I didn't understand.
رو گوئی۔,While cutting onions tears come from one's
ٹھینگو ڈیلَیرائی۔,S/he fell/rolled down the slope.
جَمار , son-in-law 
جائداد , jaidád n property 
جمارَدیَژاوو غون۔, twin
 مشیری جزیر بیٹےَ شیر جمیریی رَیَ, The machine is out of order.
 جَمیل ,  male or female children/
ارواہانَ دش بوئی۔,When one offends a jaméli the ancestral
جنجالَ مو کو رور۔,Don't quarrel.
جو  ,two
جوَروپیا چائی کاَ دویان؟,Who gives tea for two rupees?!
 جواب ,answer; reply
جوابَدیکو ل گیٹیَ نوَغیریتائی۔,Lit. His/her tongue did not move to
جوارائیَیسیُ توؤَ سو جم بوئی۔,Maize bread is good with buttermilk.
جواری پولوئیَ شیر۔,The maize (crop) is dried up (almost dead
جوا لو , both; two people 
جوالو گونیان۔,Two people are coming.
ژاؤ جوان کہَہوئیَ تتو بچویر۔,When a son grows up he lightens his father
جَََو خَوئیََ ,  of changeable; mood; fickle
جَََوَ خَََوَئیَ روئیَمہَ دش۔,I don't like people of changing mood/fickle people.
 جور ,together; joined as a pair (of people)
جور کوری باشیتائی۔,They sang a duet. (i.e. as a pair) 
جوش اَیَ  ,eleven
جوش ای ائی کَونَ کنیَتام۔,I bought eleven eggs.
جوشَت وݰَ , food/fodder for cattle and goats or sheep
جوشَََژیبونیان۔,They (cattle) are eating fodder.
 جوش ,ten
جوشیَوپیہَ مݰکیران۔,S/he is asking for ten rupees.
اوائی۔,Considering him old the girl didn’t marry
جوہجوَموشَ ݰپیکوتَہائی۔,Twelve men came for a meal.
 جیپ ,pocket 
جیپ بخ بیٹےَ پائسہ تونج ئر رو۔,When/because (my) pocket got a hole in it
ݮنݮال َکَ , bunch of grapes 
ݮنݮَال کَََبیرائی۔,The bunch of grapes wasn’t usable
رینیو ݮنݮیراَبوئے۔,Fasten the dog on a chain.
واؤ چاخراَََاسور۔,The old woman is (working) at the spinning
چار شنبیری بوک انگونیان۔,They are bringing the bride on Wednesday
چارہ , solution; recourse
ہالَََہوئی۔,Not finding any recourse/solution 
نو کوئی۔َ,Proverb. Lit. Both hands clap; one hand
چاڑَیَ ,  having (smallpox) scars on the face
ای چاڑی موش دیَپوشیتام۔,I also saw a man with a pockmarked
چاغیریو پھوستار سَاَََؤزیٹی۔,They make whips of leather./ Whips are
چا کو , knife 
چاکوَمہ چَموٹوَپ ھیرکیتائی۔,The knife cut my finger.
چائی نو ئرََََ کوکوَبیمیان؟,Why are you (plural) leaving without having
چٹی , loss
یچو ٹیکا چٹیَ ہائی۔َ,There was a loss on the contract for
َََ داران چٹی گانیتُام۔َ,I bought the wood without proper
ݯھییےارا ہالَیےاراَہالَبوئی۔َ –,Chickadees stay in Chitral even in
چدینہ ٹ پ پخٹے کو رَور۔َ,Cook a pot full of rice.
 چق,inclination; trend; tendency
چق۔َ,It is likely to rain tonight.
چلینیکیَ اسمانوت ت ھ لپ۔,Proverb. A sparrow desires the sky.
کوئیََ۔,When one drinks soup made of dried
شتیکھیر۔ , A person from Wakhan praises his own flint.
واہخیَََکویان۔,When one eats with a spoon 
جو چ ملتوخَدیکو پھیکَہوئی۔,When s/he was slapped twice
چ موٹو ځوخَدیکوَ ژری غ اریر۔,When a thorn pricked his/her finger s/he shrieked.
 چ مٹکیرَ , young (marriageable) girl
تہَژور چ مٹکیرَہویا؟,Has your daughter grown up?
چن بیٹے یوراَمو ن شی۔,Don't sit bare -skinned in the sun.
چنگیکو پون ا سکوردی۔َ,Proverb. The road of a lie is short. 
بوݰیکو ختان چوٹیتائی۔َ,When it rained the room
چورَ ژون پٹے کونیان۔,Four persons are playing cards.
چوڑَ سویکوَ غوش کرا بویان!,Lit. Where is the time to braid one’s hair?
چوڑیک , to warble; chirp; twitter
پیݯ چومریَموَدوےس۔َ,Don't touch the hot iron.
چھاغہ ن شیکوَمہ ا ݰاکَاریر۔,On sitting in the shade I felt cold.
چھائیَ ننوَدیران۔,The kid is suckling its mother.
چھت نݰپوڑیتائی۔,The bank of the pond broke (and the water flowed out)
 چ ھوݯر ,morning
  یَ روپ ھیتام,I got up early in the morning.
چ ھوݯرَ بینیان۔,They are going tomorrow.
چ ھَویو بیری موَکوےس۔, Dont walk in night
چ ھَینیَکَ , to cut
ا وغو کا چ ھینیتائی؟,Who cut off the water?
کَٹوری ݯارَ بیٹے شیٹی۔َ,The dried mulberries are completely
اسوم۔, i am
ݯاؤ,rank; status; office; position;
بوئی۔َ,A person with no status can't do anything.
ݯتَلوڑیک ,to take a quicklook/glance
 ݯَکھیئَکَ , to chew
څیق لویس پا لم ݯکھاوے۔, Take small bites and chew well.
دوئی۔,The dog neither gnaws the bone itself nor
شیٹی۔,The clothes haven't dried.
َ کو ڑو ݯوقھیران۔َ,The partridge is cooing.
ݯوکیک , to adhere to become fixed
َ پھور دوَ ݯوکیتائی۔,The plants have taken root.
َََ دورَ ݯوگَ شیر۔,The house is on fire.
ݯیݯیھ اݯر ݯیݯھاوے۔,(First) learn (and) then
ݯَیݯھیئَکَ , to teach to
کل۔َ,It is very hard to teach well.
َ کوس پویارَمت ݯیݯھاوے۔َ,Send me a message through someone.
کہاکَََݯیریتائی۔,The hen clucked (before laying an egg).
ݯ ھمیئکَ ,to cause to pain; hurt
پخٹےَ مہ ݯ ھمیران۔,The rice is hurting my stomach. (i.e. giving
کتاوے۔,Don't stir up dirt/dust.
َ ݯ ھوتیوَ موڑی بغائی۔َ,Lit. S/he went under the soil (i.e. died).
کھانجوَمانیَتام۔,I brought soil and plastered the wall.
خدائیَریر۔,Proverb. The thief calls on God (that no one
مَوران۔,My head is hurting today.
بوئیکݯھونݮورینَبوئیکَماراؤتائی۔,People used to kill birds with slingshots longer do
 ݯ ھونیکَ , to step tread; put the foot
توقہ ݯ ھوئی ا شوپیتائی۔,S/he stepped in the mud and
اویوتُام۔َ,I was hungry (so) I ate a lot of rice. (lit.
ݯ ھیاک کیہ حاال ا سور؟,How is the patient?
ݯیھ تر ,field
تہَہیہ ݯیھ تر جو چکیئیَشیرا؟,Is this field of yours two chakorum?
یل شو ݯھیر نوَدویان۔,The cow isn't giving milk.
ݯ ھَیو  ,overjoyed
ژاؤ اژیکوَݯ ھَیوَہوتُام۔,When (my) son was born I was overjoyed.
حا جت ,  need; necessity; necessary
گیر مہ حاجتَبویان۔,I need a saw.
حالت خرابَشیر۔, The situation is bad
ت رَوپ حاؤل خل بیٹےَ شیر۔,The salt is barely tasteable (i.e. is too little).
مہ حقَذائعَہوئی۔,My right was lost/usurped
ہیہ پایو خَ څم کا؟,Who is the owner of this goat?
 خبار , news; information
کیہ خبار گَٹی نوَ گیتیَاسور۔,S/he hasn't brought any news/information.
 ختوَمان,the central room and
براروسارَ تنہاَ ہوئی۔َ ََ,He made a house and separated from his
خدائی پرائی۔,God gave it (to me).
مہ ریڈیو خراب بیتیَشیر۔,My radio is spoiled/broken (i.e. doesn't
خ روشَ , itchy skin disease mange (of goats);
پائی خ رَوش بیٹےَََاسوئی۔,The goats have become mangy.
خڑانگ چھویوَ مہَ پیݯ نوَاریر۔,The quilt didn't keep me warm at night.
 خڑاؤ , rat
خڑاؤ بردوکیوَ ژوئےَََ بخَاریر۔,A rat gnawed a hole in the leather sack.
خطبہ , nikah; Muslim marriage ceremony
ایغو نو پشیٹی۔َ,Before the nikah the boy and the girl do not see each other
خفا ,  angry; annoyed; sad
لوَ کار نو کوریکو تت خفاَ بوئی۔,If (you) don't heed his words father will be sad
بوئیک خ فش اسوئی۔,The birds are in a cage.
من پیݰیروَسوت بسہَخالسَہوئی۔,A maund (approximately kilos) of flour
خلتہ , sack; bag
 جوشَ بٹیَ ژو ای خلتوؤَبغائی۔,Ten baiṭ s of grain fit into one sack.
خلت ھبارَ , family of son-in-law or daughter-in-law
خلتھبار بو لو ن وما گوئی۔َ,The party of in -laws has not yet arrived.
خم بائیَ کم بائی۔,Lit. Let it be level; let it be less.
 خمیئکَ , to cause to come down
َََ ݯھوغوَ دویس ای کما خمیتام۔َ,I caught the thief and hit him a few
خمیتام۔َ,I took a lot of people along and caused
خور , other; else; n another one; someone else
خورَدی کیہ لوَدوسانا؟,Do you want to say something
اللو خورائیَ کیہَشیر؟,Proverb. What does a lal (high -status person)
پ ھٹے خورمہ گوغیٹی بیٹےَ شیٹی۔,Some (but not all) of the dates are worm/bug -
خورویسےَ بیکوَ اݯرَ خیݰیَتام۔,When s/he /they got annoyed i convinced them
ژوڑَمہ خوش۔ پیشماکَمہَ دش۔,Proverb. Lit. I like the kernels; I don't like
موشوَ دوروت خوشان بیٹے بغائی۔,She went happily to her husband's house.
خوک کشے استاوا؟,Literal meaning: Did you slaughter a pig?
 خمار ,strong enthusiasm
نوَََگویان۔,I don't feel any great desire to eat now.
خماریَ , habituation
خَماریَ بیکو کاَ الکویان؟,Who will let (you) become accustomed (to
خومیک , to descend
َ جہاز یوَ خومیتائی۔,The plane landed.
َََ ژیریاَ کیہ بو خومیتاواَ؟,Did you have to spend much on the celebration?
 خون ,blood
خون کوریتائی۔,S/he murdered (someone). S/he did
خویان و ,  stomach
خویانان جم ن گیَ لچھاوے۔,Wash the stomach and intestines well and
توقو خیرَََگویان۔ , The mud stinks. (Lit. The bad smell of the mud is coming [to me]).
خیݰگوم شخَ اݰکاموتَویز۔,Cooked carrots are good for the stomach.
 خیݰیئک ,  to appease; mollify
خیݰیئکوخیݰیئکوَئرَََاسوئی۔,They have gone to appease (him/her/them).
څدار , sheet; large doputtah or shawl
څدارو پور دئی بوغی۔,Wrap your shawl around you before you go.
زپان څوپ کوری کیائی کوسان؟,Why are you piling up the clothes 
څوپیک , to collect piece by piece
څو غنَ موٹ وَہوئی۔,The chisel became dull/blunt.
چایو څوقے اف ن سائی۔َ,S/he gulped his/her tea and
شَوقہ څون ئر رو بیرائی۔,The shoqa has become too short (just
څہت ,slit at sides of shirt
َََ پیرانو څہتَ زَ روٹیھَََشیرر۔,The slit of the shirt is ripped.
َََ څہتہ پولوغ شیرائی۔َ,There is a thorn fence in the gap in the child
 څیقَََکیرییران۔,The child is crying.
څھون ځروَسورا بخ نیریے۔,Make a hole with the awl.
ځاہ ,  wet; moist; 
َََ بوݰیکوَ مہَ زپ ځاہَہوئی۔َ,When it rained my clothes got wet.
َََ کیہ ځاہَََکوسان؟,What (moist) dish are you making?
ځوخَمہ ݯَونگ پرائی۔,A/the thorn pricked me.
دار ,  wood
دارو قے مت ا سٹیَ شیر۔,The price of wood has risen.
دار بت ن یسیَ بیش۔,Let's sit for a little while and (then) go.
داریک , to tolerate; withstand; endure;
وے۔,Fatten up the (male) sheep well for
 داغ , hot oil poured on rice after it is cooked; stain 
َپختیئو داغ نوَ کوریَ اسوئی۔َ,They haven't put the hot oil on top of the rice.
 ََاوا داغَہوتُام۔َ ََ,I am devastated (e.g. at someone's death).
 دال ,(i.e. split dried legumes);
ھَوران۔َ,Split chick peas do not cook quickly.
ََژوؤ دال دیتیرَیوؤَدالَدیتیَاالئی۔َ , He got the grain ground coarsely and
داڑیئک , to drive away
لیشانَ دودیریَداڑیتائی۔َ,S/he released the cows for grazing far
دون دائیَ نوَݯوکیتائی۔,
داہت ا وغو موَََپییی۔,Don't drink the dirty water.
کوؤ۔َ,Pound/crush the spices/ingredients (and
َََ شَلیوَ دپھیٹی پازگاہ کورے۔,Pound the (unhusked) rice and clean it.
ہونا ,to encounter
دچھارَہوئی۔َ,They faced misfortune
َََ تتَ ژاووَ سوم دوچھارَہوئی۔َ,The father embraced his son.
َََ شامہ پتَ موشوَ دراک نوَہوئی۔ , By evening there was no sign of (the man/her husband).
َ کیہَ دراکہ نو پرائی۔,S/he didn't understand (i.e. grasp the
د رخت , trees (non fruit -bearing) and bushes
دارانودرختانَپھیرکیَدارانوَاریر۔,He cut down trees and bushes and made a basket
 بیٹےَ سفاَرارَاݯرَََہائی۔,Having suffered troubles s/he returned
نییک۔َ,Riddle: There is a house but no door
دروݯ ڑائی دیٹےَََشیر۔,Grapes have begun to ripen. (i.e. to turn
کوریَشیر۔,Itching has tormented me.
۔َالوے۔,Curse: May you not have fingernails to
دردانہ , pearl; gem; excellent thing or person
دوردانہَتہَژاؤَفقطَدوردانہَبیرائی۔َبیرائی۔,Your son is (turns out to be) quite a gem.
ہوئی۔,When the landslide occurred  the field broke
دریݱ ژویوَ غیری اوغ چھیردوَََبیرائی۔,When the scree slope slid down into the
دری غ , mere talking/thinking about starting
دری غ کوریَمو بیہچے۔ روپھے۔,Don't just sit talking/thinking about starting -
دش diš a, displeasinشیئکَمہَ دش۔
 دشَ موش۔َ,He is a wonderful/very good man.
َ اوا تہَ سوَ دش۔َ,I am angry with you.
د شل , verbal abuse 
د شل کوریک شَومَعادت۔,To verbally abuse is a badhabit.
 دک , spinning weight
دک گیئکو نو بوم۔,I am not able to spin (with) a spinning
څیقوڅیقوَ دالسہَ کورے۔,Console the child!
دمیک , to pull apart raw wool by hand
پوݰپَ دمیکوَ غوش نوَ بویان۔,There is no time to hand -card wool.
دنیچ ,  smooth and straight 
َََ دنیچَدارَ حا جتہ گویان۔َ, Smooth straight wood is needed/useful
نوَََبیرائی۔,The boy turned out to be not very good 
دنیکو یادی گوئی۔,On thinking it will come to mind/be
دواہت ݯیقھیران۔,The door is creaking.
دَََوَدیرَیَ ,distant; far; distance
دودیریار خیس مت بیٹےَ ہائی۔,S/he came from far away tired out.
دوڑ , a loud
دوڑَدیکو با زو ݯ ھمیتائی۔,From being hit hard (my) arm hurt (me).
دوڑیَکَ , to shiver (with cold or fever)
دوسیک , to hold; grasp; catch ; grab
نوَوریتائی۔َدوسیکوَنوَبیتَبیتام۔,The hen escaped; I wasn't able to catch
چ ھَوݯرَ دَوشنبہَشیر۔,Tomorrow is Monday.
دوݰ ,  yesterdsterday I didn't have time.
 دوَغَ ,milk; dairy product
تکلیفدوغَکہَنوَہوئیَتکلیفَبوئی۔,If there is no milk there will be a problem.
َََ دَ غُوران روئیکو مو الےکَ۔َ,Don't let your fingernails grow
َََ دُ غَور ن ݰپوڑی بغائی۔َ,His/her/my nail fell/came off.
دون ݯھومیکوَََکیرییران۔,S/he is crying from toothache.
 دوؤن , ghee
کوؤ۔,Saying: Rather than talking a lot
دونځیَکَ , to cut into pieces
ٹھیشٹوانَ جمَدونچی۔,Cut the onions nice and fine.
 دونیَکَ , milk pot
یل شوَدونیکہ ٹ پ ݯھیر پرائی۔,The cow gave enough milk to fill the milk pot.
دوو , torch made of single stick; light
َََ دوو ݯکاوے مݰکیش۔َ,Light a torch; we will look for it.
َََ دوو کوسیکوَپوشیتُام۔َ,I saw an evil spirit walking about 
دوہیےَوے جمع بیٹےَ دعا اریٹی۔,All the people came together and said a
پرائی۔َ,As I crossed over the ridge I came upon an ibex
. دَیَ , also; else; and so forth
واَدی کیہ لوَدیت۔َ,Say something more/else.
َََ دیکَ تہَخوشا؟,Would you like to be beaten? 
َََ مݰکیکوَ سار دیک جم۔,It is better to give than to ask for (things).
َ ائیکونَ متے پرائی۔,S/he gave the egg to me.
سٹیَ دُیک نوَ۔َ,Proverb. The little boy knows how to run
ڈازَیَ , firing in the air (on happy occasions)
ڈازی کوراوا ت ھَوئیکَ پھتَہوئی۔,While (someone) was firing in the air his rifle
باؤَروئیَڈالَباؤَگونیان۔َگونیان۔,The people are coming in groups.
ڈانگوَ تیل لچ ھوران۔, On the hearth oil is boiling.
ڈپھیئکَ , to knock; to beat fast; pound (of heart)
 چ ھَویو کاَ دَواہتہَ ڈپھیتای۔,At night someone knocked at the door.
ڈٹ ,pit;  sagging in the middle; concave
 ڈخیئک, to nudge/prod the mother's
بݯھوڑ ننوَ ڈخیران۔,The calf is nudging/prodding its mother (to
ڈشٹ دیٹےَ مہ پشاوے۔,Measure it in handspans and show me.
ڈقَ ڈفَدونیان,The boys are playing the tambourine.
ڈَقَ س بقار نوما گوئی۔,The boys haven't come back from lessons/school yet.
 ڈک , a small; swelling; hump (on back)
شیر۔,A rock in the wall has come out and is
َ کریمہَ ڈکَموش کا اوشوئی؟َ,Who was the hump -backed man?
ڈنڈیکَ , to fluff wool with a bow
ڈنڈیران۔,The old woman is fluffing wool with a
َََ ڈقَ سبقو ڈنڈی اوائی۔َ,The boy studied the lesson
کور۔,I can't bite hard apples.
ہوَتام۔,My ankle hit a rock and I was unable to
ڈوخ , bare earth; barren land; infertile
حیوان گازوَ ژَوئےَ ڈوخَََاریٹی۔,The animals ate the grass to the roots and left bare earth.
 ڈور ,hopper
َََ ڈورار غیر خورا نوَبوئی۔,A water mill cannot be without a hopper.
َََ ہے دوری لوٹَڈورَواؤ اسور۔َ,In that house there is a huge old woman.
نوَبوئی۔, Can't happen
ڈَوغیران۔,The cow is lowing from hunger.
ختومانَسَاَََؤزیران۔ )ََ ( He is,making a house on high ground.
َََ ڈوکَ ژغاَ گان بوَََکوئی,The wind blows a lot at elevated places.
 ڈوم ,professional musician
ڈوم جونالیہَََباشینیان۔,The Doms are playing (instruments) in the (polo)ground.
 ڈوم ,pile; heap; large; quantity
بیرموغو ݯ ھنیکو یوَ غیریَ ڈومَہوئی۔,When the branches of the walnut tree were fell down.
 ڈون گو  , n unripe (fruit); not fully
َََ ژ وڑیَڈونگوَ شیٹی۔,The apricots are unripe.
َََ ڈونگوَ موش لوَ غلط پرائی۔َ,The insensitive thick -witted man said wrong
ڈیم ,headless body; trunk; body of cow
َََ سوروَ لیتائیَ دیمو نو لیتائی۔َ,They found the head (but) didn't find the
َََ لیشو ڈیمَََبیٹے اوبریتائی۔َ,The cow died because of a swollen belly.
ڈیمَیریاڅ , ɫats  round (three -dimensional; spherical)
ناَواہخیَََاریر۔,It was difficult to bring the round (spherical)
ڈیکڈیکَݯھومیتایا؟,Does (your; his/her) leg hurt?
نیسیَبغائی۔,S/he got angry and left.
ڈینځوئیک , to display anger (physically) and go away still
ڈینځوئیَ افَ نیش کوئیَََبغائی۔,S/he left in anger and went off somewhere.
 ڈیئک ,to make feel cold; chill
اوغَ مہَڈیتائی۔,The water chilled me.
راغیشٹیَ روپ ھیَگتر۔,Get up early and come.
راؤ , (large) flock; species of rhubarb
اڑیو ای راؤ خورَََگوئی۔,Another flock of ducks will come.
اوغَرائی بیٹے لشٹ گازہ ٹ پَہوئی۔,Water has turned into thin mud and covered
ریٹیَََرائیران۔,The dog is barking.
رَپ ھیَکَ ,to stand; get up; to stand
َ بپَ رپ ھیکوَ نو بویان۔,The old man can't get up (from
بیتام۔َََ,I wasn't able to wake up.
َ کماَ ژنَووٹہَ رپ ھونیان؟َ,How many people are standing in the
رک ھوݰیک ,to crawl; drag oneself
کوسیکو نو بویان۔َ رک ھوݰیران۔,S/he can't walk; s/he drags (him/her)self
رکھیشے ائے ا وغوَدراوے۔,Drag it away and throw it into the water (i.e.
رمبوغَ جم کوشَ کوریَشیٹی۔,The bean plants have produced good pods.
ن گیکوَ زپانَ رنگ ن َسَیتائی۔,With washing the color of the clothes came
بوئی۔َ,A blacksmith can't work without charcoal.
 روژایو , daughter -in-law
تہ روژایو تعلیمیا۔َََبیتعلیم؟,Is your daughter -in-law educated or uneducated?
 روشَتَ ,  bright; light
َََ روشتَ کوری لوڑے لیسَ۔َ,Light (the place); you will find it.
َََ روشتَ دنیوسارَوفا نییک۔َ,Proverb. One cannot trust light/bright
روݰ جم کو رمَہوئی۔,Such a good thing happened!
َََ روؤݰ پائی چھائیَََاریر۔,The gray goat gave birth to a kid. ( )
االئی۔َایَروؤݰَاڑیَماریَاالئی۔َ,He killed a female duck and brought it.
روَغَ , crack; small runnels in a field;
َََ شیَشہَروغَبغائی۔,The glass pane cracked.
َََ روغَ دار قے مت بیٹےَ شیر۔َ,Pine wood has become expensive.
بوئی۔,Proverb. A dog's tail never becomes straight.
رونخی رَََوَ ,male goat (younger than tic̣)
گ جورَرونڅیرو کوٹیتائی۔,The Gujur castrated the male goat.
پرائی۔,When I saw the leopard I started trembling
گنیتُام۔,I bought dye to dye thread.
گازَ روئیران۔,The grass is growing.
روئیَََبَازاروتَََبینیان۔,People are going toward the
ریشٹ گیٹےَ سینوَبوتیتائی۔,An avalanche came and blocked the river.
 ریݰو , bull; ox; stupid person
َََ ریݰو ق ربائیََََ اریر۔,He sacrificed a bull.
َََ فقط ریݰو تان بیرائی۔َ,S/he turned out to be a complete idiot.
 ریٹی , dog 
شاپیرَ مہ رینیوَََاویوئی۔,A wolf ate my dog.
َََ توغوت ریکو دی کار نو اریرَ۔َ,Even when (someone) told (him/her) (s/he)
َََ سبق ریکوَ بیَاسور۔,S/he has gone to study (Lit. read a lesson).
َََ ڑاغ پائی شیتھانَبوئی۔,A hornless goat is mischievous.
َََ ڑاغ کپالَََڈیییان۔,(Someone’s) bald head is feeling cold
ڑائی ,  having a design; patterned; printed; colored; design; pattern
َََ ڑائیَ زپ دکانہ نییک۔,There are no patterned clothes in the
َََ م رَݯَ ڑائی دیٹےَََشیٹی۔َ,The mulberries have begun to change color (ripen)
 ۔ ڑڅ , riddle
  ڑڅ دیک تہڅَدیکَتہَخوشا؟َخوشا؟,Do you like to tell riddles?
ڑونگَریݰوَ شوم کݰیران۔,The hornless bull isn't plowing
کہاکوکہاکوَاوائی۔,A fox took the hen away.
ڑووایکَ دارا ݯھَونیکوَ مہَٹھوریتائی۔,When I put my foot on the round log it caused me to fall.
 ڑویک , to howl(wolf); to bray (donkey)
َََ بیریَشاپیرَ ڑویران۔,Outside a wolf is howling.
َ گوردوغَ ڑوئیران۔َ,The/a donkey is braying.
ڑی خ , curved blade -like implement for mixing
 ڑینگیَکَ ,to move; shake
گانگانَکوریکوَ کانَََڑینگونیان۔,The trees are shaking from the wind blowing.
زاب کوریَمہ گٹی اوائی۔,S/he insisted and took me with her/him
. زار , gold; golden embroidered clothes
زاراَمڑاغ کوریَ ژوروَویݰیتائی۔,S/he wrapped his/her daughter with golden
نن تیےَیا روَہوئی۔,(Someone's) parents became old.
زاڑیئک , to shake (a tree to knockdown)
دشیَیاڑیتائی۔َََ,The earthquake shook (us) strongly.
َََ زاغَݰوݰپوت ٹار بییَیٹی۔,ṣoṣp (type of halwa) cooked in
َََ زاغی موَ دوےسَ۔َ,Don't touch the (animal) fat.
زان و ݯ ھ موران۔,(My) knee is hurting.
 ۔ زچ , lactating (of human; animal)
زچ یل شو پہ تکوسار قے مت۔,A lactating cow is more expensive than a
ز رنگیئک , to produce a metallic sound
چومرانَز رنگیٹی چ ھَویوَبغائیََ۔,They caused the metallic things to clank/rattle
ز روپ , very close to one another; almost
اسمائیَ ا ستاریَز روپ نا یونیان۔,The sky seems almost covered with stars.
ھُوَدئیلیک۔,In life (people) should help one Another
زنگار گٹیَ ځاہو خل خور بیٹےَ شیر۔,The taste of the salin/curry has changed and
الوسان؟,Where are you taking me insistently?
زوغ ݯھیر نوَدویان۔,The yak is not giving milk.
زومار اوڅ ن یس یو گونیان۔,Springs emerge in the mountains and flow
باندَََاریر۔,The hillock collapsed and blocked the road.
اورا رو گیٹےَ زوموئیکہ پرائی۔,When s/he became sleepy s/he began to yawn.
 زونیکَ , to beat (someone); soundly
جمَ زَونیکو اچھو بچےَ تھوبہ اریر۔,When he was soundly beaten he repented
ہیہَزماناَ زوہچَ شَمیٹی کا نوَََکونیان۔,These days no one makes goat -hair ropes.
زوئیَکَ , to obey; acquiesce; agree to
تان بوغی۔َ مہ لوا نوَزوئیتائی۔,You go yourself; s/he didn't agree to what I have said.
   ځَہَچَ , yellow
زہچَریٹیَ شاپیرو یار۔, A yellow dog is a friend of the wolf.
 زیپ ,  good form/shape/order/condition
مہ ا شناری کیہَزیپہ نوَشیرائی۔,My things turned out to be not in proper
ژان ځاہ نوَہویا؟ , Literally: Hasn't your life been moistened?
 ژغہ, place
ژغہ بدیل کوسیا؟,Shall we change places? 
ژنگ ,war
ژنگ ئر روا تبایہ بیسیر۔,If war had begun there would have been destruction.
 ژانوار, animal; living creature
کیاغَلوٹ۔,Among animals some are bog
ژاؤَ۔َََ ,  son.
َََ ژاؤ اژیکو ڈازیَََکونیان۔,When a son is born (people) fire in the
ژو قے متَہوئی۔,Grain has become expensive.
 ژور ,daughter
مکہَہوئیَمَوَوَشانتےَدوئی۔,When a daughter reaches marriageable age
ژوڑو تیلَمہ ݯ ھمیتائی۔,The oil of nut kernels caused me (stomach)
ژ وَڑیَپوچیرو پلوغَََگوغیٹی۔,Saying. The apricots are ripe; the apples are
چور ژون سیرَا پھار ن سائی۔ , Four persons crossed the bridge (in the direction away from the speaker).
ژَََوَن وَ اسور۔َ وَ ہمَموَ بور۔,S/he is alive; don't
 ژوئی , water channel
ژویہ ئرَ ا وغ یو دیت۔,Go (up) to the water channel and let water
ݰپیک نوَژیبویان۔,S/he isn't eating (food/the meal).
ژیَََرغیئَکَ , to cry loudly; shriek; scream
چ موٹ پولوئیکوَڈقَژیرغیتائی۔,When his finger was burned the boy shrieked.
 ژیریئک , to tolerate; bear; suffer; 
ژیریئکو زار۔ نو ژیریئکوَݱار۔, To be patient yields gold; not to be
ژینگوغو پویسیَ چیغَاریر۔,S/he saw the scorpion and shrieked 
۔ ژیرَیَ , festivities
ژیریژیریَ ژوئےَ ہاتام۔,I came after eating at a celebratory feast.
ژیل پ ھوک بیرائی۔,The blanket turned out to be (too) small.
ژینَ ڈٹ بیرائی۔ اوریئکو نو بیتام۔,The charpai was loose (i.e. sinking in the
َََ ݱار دیٹے رینیوَمارتائی۔,They gave the dog poison and killed it.
جمجمَ ݱق څائیَََکورے۔,Make nice thick tea (i.e. in which there is
ݱنگ ن سیکوَمہَژانہ غیریَہائی۔,On climbing high I felt dizzy.
ݱوَتَ , early
چ ھوݯرَ ݱوتَروپ ھیلیک۔,One should get up very early in the
َََ بو سون بیکو کیرییَݱوغ بوئی۔,When spring comes sheep are thin.
ݱونگَزومالہ کو ڑو ا سور۔,There is a partridge on the conical hill.
ݱوؤنَگَََََ , leaning over with neck
ݱوَؤَنگ بیٹے لوڑے پشیس۔,Lean over and look; you will see (it).
ݱیقھیئَکَ ,to creak
دواہیےَےیقھیران۔,The door is creaking.
ہیت ݱینگیئکوَ نوَََبیتائی۔,They were not able to pull (well).
سادہ , simple; innocent
 ق دیموَروئی بوَ سادہ بیرائی۔,People in the old days were very simple.
ساؤَزَ ,blue or green; in good order fixed
 ساَََؤزَ شوت رَمہ سوم نییک۔,I don't have any blue thread.
 ہے ڈقَ ساؤزہ پھونیکہَََجم۔,That boy is good at dancing to quick
گمبوری۔,The iris is a very attractive flower.
ستھار, Chitrali sitar
ستھاروَ سَم قے مت بیٹےَ شیٹی۔,Sitar wires have become expensive.
سخ بوہتَمہ پونگتو ا شٹوغَہوئی۔,
دیٹےَََلوڑیتائی۔,The soldier looked at (i.e. checked) the cargo
سخت , severe
َََ شوَؤَسخت توَ بنیلیک۔,The bolt of homespun cloth should be
سخیَ روئیَ سفو خوش بوئی۔,Everyone likes a generous person.
سسیری بیٹے یوریَمو کوےس۔,Don't walk bareheaded in the sun.
بیتیَاسوئی۔,Today all human beings are grieved.
سگ ونَ شخ پ ھوکَ تروقَبوئی۔,Cooked fenugreek leaves (methi) is slightly
ہےَ ڈقوَسملت گیٹےَََشیٹی۔,That boy's mustaches have appeared. (i.e. he
سمندار غی رونیان۔,Rivers come together and become a sea.
بیرَائیََََ اَے۔,O the sweet scent of the beloved is even
سن گویَسینوَموژوَ ہل بوئی۔,Otters live in the river.
تان۔,It's been seven days; it has been raining
َََ ہیسَمہ سورو ݯ ھمیتائی۔َ,(S/he; it) gave me a headache.
ھینیان۔,Poor people are picking up ears of grain
سورار , from above
ݯھییےاراَسو رم بوَشیر۔,There is a lot of gold in Chitral.
سوروَغَ , water rationing turn 
سوروغو نشَ نیرییَتام۔,I completely utilized my turn for water.
سومیئک , to decorate; adorn; dress up
کومورو بو ݰئیلَََسومیٹیَََاسور۔,The girl has been beautifully dressed up.
ہیسَ زپَسوئیک ݯیݯ ھَََوَران۔,S/he is learning how to stitch
سوئیَونَبیکینَختانَسوئیَݯوگَََشیر۔,Because of smoke the room is (all) sooty.
چھاؤنیؤَسیرا ٹ رک پھار ن سیران۔,A truck is crossing to the other side of the
َََ سیرجوَ پخٹےَ بوَزوالو ا شناری۔,Boiled lentils (whole with skin) are a very
کَݰیلیک۔َ,Lentils should be sown in the spring.
َََ سیرجوَ ش حدَ ژغاَ جم بوئی۔َ,Lentils grow well in the high mountain
سیری کن دوریہَسیر؟,How much does barley cost per seer?
سیریک , to haul; to carry from one place to another
پلیلَ پھولوکَسیرینیان۔َ,The ants are busy carrying grains.
سیری گ رݰپو بیکو بوَ زیاد بویان۔,The river rises when summer comes.
شاپیر کیری یوَ ژوئے بوغ دو۔,A wolf ate the sheep and went away
 شال , cattle house
گوجوروَشالَ دَودیریَشیر۔,The Gujur's cattle house is far away.
شاَمَ , evening
شاموَ ݰپیکوئے بوَؤَتَََریٹی۔,The evening meal is called boót . (i.e.
شانہ ن شیسیاَ دوری ن شیش؟,Shall we sit in the courtyard or in the house?
شت , sour; sour substance 
ہنیݰَدروݯ شُتَشیٹی۔,Now the grapes are sour.
سَوگون بوَ منشورَ شخ۔,Methi is a very well -known vegetable.
شخیئک ,to pound 
لینوَ شخیٹی کچھایہَدیکوَویزی کوئی۔,If one pounds hollyhock (flowers) and puts it
شڈال , unfinished
َََ ہیسَ شڈالَ کھانجوَ مشی۔,He is a mason who makes uncut stone
بغائی۔َ,This year because of cold weather the rice
شیاڑ پخٹےَ ݯ ھمیر۔,Stale rice causes a (stomach) ache.
 شاَنَ,courtyard
شیانہ ݯھیروَغوݯھارَسوَرا پھور دو۔,In the courtyard there is a foaming waterfall;
شی بڑانگ ,species of mynah
شیبڑانگ بوَݰئیلَ چوڑیر۔,The mynah sings beautifully.
شیو , cool
انوازوَ ش رَو گانَ بوَ مزاَََاریر۔,The cool morning breeze was very
شیہَ ݱنگ زومہنگَزومہَہالَََبوئی۔,Markhor live in high mountains.
ش غور ,sand
کوئی۔,When they bring sand they will start to
بوئی۔,When it rains an umbrella is used.
شالک څروٹھیران۔,The grasshopper is jumping.
شلوغَدیاواَمہ اورا روَہائی۔,(i) While (someone) was telling a story
شحدینَ شل نو بوئی۔,Rice doesn't grow in the high mountainous
پ ھروایلَ شمان ناوے۔,Put a drawstring in the shalwar.
ا ستوروَ شنگ ور د رَونگَبوئی۔,The intestines of a horse are long. 
شو , handspun woolen cloth
شو تیار بیٹےَ شیر۔ بہتیٹی ن ما۔,The handspun cloth is ready - they haven't yet
شُوَمیوانَژی بویان۔,The porcupine is eating fruit.
 شوپینگاہ ,the third day after today
شوپینگاہَمہ ا م تحانَشیر۔,I have an examination three days from
شوت چوئیکَ جمَنو۔,It is not good to swear oaths.
شوخڅیَکَ , to pass
ل ہازَشوخخی رو بیرائی۔,(I have just learned that) the patient
شوتروَ شونخرَ پتیری کورے۔,Put the thread in the needle.
 شوَََر , hundred
شورَ روپیہَ مہ ضیورتَبونیان۔,I need a hundred rupees.
َََ شورو کہَہوئی ا ݰایکَ تیرییر۔َ,When it has become autumn the cold
شیاوےَمو۔َ روئی اَی غوَََدوئی۔,Don't incite the people; they may fight with
شوڑ قلم خوشخط ن ویشیران۔,A reed pen writes beautifully.
شوقَََہ , Chitrali robe of handspun woolen cloth
شوقہ ݯھییےارو قویم انجا رم۔,The shoqa is a Chitrali national dress.
 شوَمَ ,lowest part of a traditional Chitrali house
دارَشوموَدارَدوئی۔َدوئی۔ , (People) keep wood in the lowest part of the house.
شومَژاوَوَئے کیہَیراغ۔, A bad/incompetent son is not
شوَنکھیک/ شومکَھَیک , to smell; sniff
َََ شومکھیکوت څتَدی نوَ پرائی۔,S/he didn't give (me) enough (even) to
َ گمبوریَشومکیھ ا شیےوخیتام۔َ,Sniffing the flower I sneezed.
ا م تحانوَموڑار اواَ شومیمان۔,I am worried about the
تہَ شنہ اوغ پیݯ نو بویان۔,Water doesn't stay warm on your lips.
شونج ,needle (for sewing of timepiece)
شونجَہرکوس حا جتہ گوئی۔,Everyone needs a needle.
شیپیک , to clean by pushing aside
روئی ای بیٹےَ ژوئیَشیپینیان۔,The people are cleaning the water channel
یسی تو پیکوَمہ اورا رَوَہائی۔,On drinking buttermilk I felt sleepy.
َََ کاغو رنک ݰا بوئی۔َ,Crows are black.
َََ تہ سارَ ݰاَ ہَََوتُام۔َ,I’m tired of you (due to some bad habit of yours)
. ݰابوک , bride; bridegroom
َََ ݰابوکو چھوچیَانگونیان۔,They are bringing the bride tomorrow.
اسور۔,That boy is wearing very beautiful handsome bridegroom
 ݰا خرَ  ,ray (of light)
یوروَݰا خرَموخیٹیَ توریَشیر۔,The rays of the sun have reached the veranda.
 ݰا در ,  servant; retainer
مہ تتَ متارو ݰادر اوشوئی۔,My father was a retainer (servant) of the
ݰاؤَ مہ پوےسیَ۔َ,Meet with me soon.
ݰا ؤکَ , slipknot; stitch 
َََ ݰا ؤک لینو بچھیریک اسقان۔َ,It is easy to untie a slipknot.
بوئی۔َ,There are stitches in a child's sock.
ݰایوز , glacier 
ݰایوز یوَغیریتائی۔,The glacier fell down. 
 ݰیری وگَ , clover; shamrock
ݰیریوکیو گاز بوَݰئیل بیٹےَ شیر۔,The clover field has become very beautiful
 ݰپیکَ ,bread; food; meal
 ݰپیک تیارَ بیٹےَََشیرر۔,The food is ready.
َََ مہ ژورَ ݰپیک کوریک بوئی۔َ,My daughter is able to make bread.
مہ ت ھوئیکَ ݰَٹے نوَتوریتائی۔,I didn't hit the target with my rifle
ݰݯَ ,  clean
ݰݯ ا وغَ زپو جم صفا کوئی۔,Clear water cleans clothes well.
 شےی مو ,turnip
 ݰَماَغَ ,veil (of burqa)
کومو روَ مخوَ ݰَماغ دَرا اسور۔,The girl has covered her face with a veil.
ݰمݰوئی ,  action of cleaning rice 
ن سائی۔َ,When the rice is decanted in water
ݰوَ دیَکَ , to search (as in a raid)
ݰوَدیٹےَ ت ھوئیکو نیتائی۔,They searched and found the rifle.
 ݰوائیَ , type of bead
ݰوائیَنوَََنیرییلیک۔,One should not put beads on children's
َ کومو رَوَ ݰوائیَ بوئے اسور۔,The girl is wearing beads.
ݰوتار , ground in dry river bed
کسیسان؟,Why are you walking around in the dry river bed?
 ݰوݯکَ , special clay or silt used for coating
ویشینیان۔,The children are writing with clay dissolved charcoal).
 ݰوخ , miserly
  ت وَسخت ݰوخَموش۔َ,You are a very miserly man.
ځاہو ت روپَݰورَبیتیَشیر۔,There is too much salt in the food/curry.
ݰوربہ , gravy; liquid part of cooked dish
ݰورہ ,saltpeter (potassium nitrate); extracted
سَاَََؤزین بوئی۔َ,Gunpowder can be made from saltpeter.
ݯَکینیان۔,(The parts of) a sitar are joined together with glue.
 ݰوݰپ , Chitrali halwa
توخمیرانوئےَݰوݰپ کو رور۔,Make Chitrali halwa for (my) in -law.
بیتیرَاؤلیئینَݰوکَبیتیَشیر۔َشیر۔,A path has been trodden into the snow at
شیر۔َشیر۔ , My house is near the road.
شور۔,Sit close to each
ݰیغنوَبوڑیتائی۔,They slaughtered an animal (sheep or goat)
َََ مہ ݰیکو پلوغَ شیٹی۔َ,I have apples wrapped in the front part of
اسور۔,The little boy is sitting on my lap.
اسوس۔,Today you are looking very beautiful.
َََ ݰئیلَ رویو لوَدیَ ݰئیل بوئی۔َ,The words of a beautiful person are also
ص بر کوریک بوَ مش کل ا شناری۔,To be patient is a difficult thing.
بوئی۔َ , Correct words are never lost.
َََ سوالو صحیح جوابو نو پراؤَ۔َ,You didn't give the correct answer to
ہمیشہ صفاَ زپ انجیلیک۔,One should always wear clean clothes.
موَپائسانَضائعَموَکورے۔َکورے۔,Don't waste (your) money!
ہوئی۔َوَضائعَہوئی۔َ,When he fell down his arm was
عاشقَ دوستو بچے تییَیانوَدیَدوئی۔,A lover will give even his life for his beloved.
ہیس بوہیسَبوَع جزَڈق۔َ,He is a very meek boy.
مہ ژاؤ متے بوَع زت کویان۔,My son shows me much respect.
 عشَقَ , love; passion
عشقَہر ا یوالوَ سمَکورین نوَبوئی۔,One cannot fall in love with everybody/just
اسوم۔َََ, I have bought this land in exchange for
پرائی۔َ,
ملگیری۔,A woman is a great companion in a
غائبانَہ , work shirker ; one who avoids work
غائبانہ۔,That laborer is a great work shirker.
غاروَ بیکوَبوسا؟,Can you go down into the cave?
غاربیل , wide -meshed sieve for grain
غاربیلغاربیلَژوؤ صفاَکویان۔,A sieve cleans grain.
ش رَوَبوئی۔,In the summer it is cool in the high pastures.
غاڑ ,  game (polo; hockey;football);
َََ ا سپہَہر ان وس غاڑَََکوسیان۔,We play hockey /polo every day.
)ََ(َ مہ ق لمو بل غاڑ بیٹےَ شیر۔َ,The cap of my pen has become loose.
برارَ متےَغاڑو څن انزیٹی اسور۔,(My) brother has sent me a polo stick.
غاؤغاَؤَ γaoγáo n verbal fight, noisy quarrel ;wrangling
عورتان کھیوئے غاؤغاؤَکونیان؟,Why are the women quarreling noisily?
چ ھتوئےَ غروݱوئےَغروݱَسیرینیان۔َ,They are carrying/hauling gravel to the pond
(for ducks). غروسک γrosk n willow,branches cut as fodder
لیشپائیَ غروسکانَاویوئی۔,The sheep and goats ate willow branches.
غݱیئکَ γaẓ̌ éik vt to crawl on the,skin and cause
َ پلیلَ مہَ غݱیران۔,An ant is crawling on my skin and
َََ میتار تنَ ملکھو موژیَ غݱیران۔,The Mehtar is touring in his country.
غال موسَ , low-class; person; uncultured person
کوئی۔,An uncultured person does not know how
غوَٹَ , dumb (not able to speak) ;feeble 
نوغوٹَرویوَکاراَنوَدوئی۔َدوئی۔,A dumb person cannot hear.
غو چو , patch of hide leather (of large animal)
کون بخ بیکوَغوچوَدراؤتائی۔,When skin shoes got holes in them
مزاَکویان۔,
ژوؤکیمیریانَژوؤَغوڅینیان۔َغوڅینیان۔,The women are cleaning (the) grain.
غور دومیکَ ,  to charge at someone in anger ready to fight 
 غوردیئکَ to,move (eggs) around 
کہاک ائی کَونانَ غوردیران۔,The hen is moving her eggs around.
 غورژیَرَ ,three year
پختیوَغوریہَدیت۔,Put the rice in the platter.
غوریَرَ , large earthen vessel with round
غوریروَیسی تو کونیان۔,They are making buttermilk in an
بوئی۔,A rabbit's front legs are short. (i.e. shorter
مہَری ݰوَسختَ غوز۔,My bull is very slow -moving/lazy.
لشَ غَوزار لکھے۔,Step slowly/softly.
غوَشَ , free time
مہ تہَ سو لواَݯوکیکوَ غوش نوَبویان۔,I don't have time to chat with you.
بوئی۔َ,Two swallows of cold water are enough to
غوَنَ ,  postposition like; similar to;
ژور تن ننوَغون۔,The daughter is just like her mother.
غیئا رمَ , cooking/eating;utensils
الوے۔َ,Wash the dishes and throw out
ََ دوروتَغیئا رم کرینیمان۔َ,I am buying utensils for the
غیچ بو نا زک ا شناری۔,The eye is a very delicate thing.
اوا تییَیاوو گیکوئےَغیچ کومان۔,I am waiting for my son's arrival.
غیچودیاکو چورَورا زن بوئی۔,A dragonfly has four wings.
غیردیک , to move in a circular motion; revolve; rotate; turn
غیردیئَکَ , to cause to move in a circular
ڈق کَرامیک لیشانَغیردیران۔,The boy is driving the threshing animals around in circles. 
غیرغیر ,walking around and around
بیہخرََََ اسور۔,My little son doesn't want to leave his
َََ ژوؤَغوݯیَ غیرغیران اف ا الوے۔َ,Clean the grain and throw the remaining
صندوقَغیرناناَ غی رَدوران۔,The box is revolving in the whirlpool.
غیرناغیر ,  turning again and again with many turns.
 غیرییئک , to curl hair (artificially) to swirl 
َ کومورو پ ھرانَ غیرییٹیَ اشور۔َ,The girl has curled her hair.
َََ تروپو چایوَغیریاوے۔,Swirl the salt in the tea.
غیرییٹیَََگائی۔,Look over these pens and select one
غیساَرَ , row of flat stones or planks placed on top 
ضیوری۔,It is very necessary to place a row of stones or planks on top of a mud wall. 
غیئَکَ ,  to utilize; exploit (person); 
غوٹوَ مخگَغیران۔َ,S/he is getting a lot of work from the mentally
ت و ا نگار چنگاؤَمہ فانَدوسان۔,You are just lying and deceiving me
تعلیمتعلیمَ سفانتے فائدہ تاریٹیَ شیر۔,Education has benefited everyone.
فَرَاخ پیران تہَ سو جَمَََنایوران۔,A loose shirt suits you.
ف رنیکیَ ,  foreigner
َََ عورتان فرنیکیَ زپَ انجوئی۔َ, Women wear foreign dresses
 ف رٹ , fruṭ brittle; not flexible
ف رٹَدار کھیوئے گون نو بوئی۔,Brittle wood can't be used for the handle
بتیٹی۔,When harnessing animals for threshing
فروسکَدار ٹ ھون بوئی۔,A straight piece of wood can be (made into) a pillar.
 فروسکیئک , to straighten
پیڅیھَََالکھے۔,Clarify your property boundary line once
نوَََریلیکَ۔,Before determining the truth
فروسکیتائی۔َ,When the patient died his brother breath heavily
فروݰیئک , to breathe heavily/noisily
کااوریئیَاسیکہَہرَکاَفروݰیر۔َفروݰیر۔,During sleep everyone breathes heavily through the mouth.
 ف ڑَق ,suddenlyr 
 فسادَیَ , quarrel
یَکونیانَکونیان,Women quarrel over minor things in
سَلَپولوئیتائی۔,This year because of drought the crops
مہَژاؤ فقطَہےَ ڈقوَغون تان۔,My son is exactly like that boy.
فالؤیس ,  mischief; malicious gossip
گناہ۔,To spread malicious gossip is a great sin.
فہمار بیکَ , bik vi to become; confused; upset
نوَ بیتائی۔َ,The man became confused and wasn't
بینیان۔َ,These days people are losing their senses
لوٹفیلَسفوسارَلوٹَژانوار۔َ,The elephant is the largest animal of all.
قاچیوَسوراَمہَ زپان پھیرےک۔,Cut out my clothes with scissors.
قاق ,  completely dry
ئرَََشیر۔,Because of having no rain for a long
بیٹےَََاسوم۔,I am completely dried out from thirst.
َََ بارَ مٹ قائیَ بیٹےَ شیر۔,The load has become heavy for me.
اسوس۔,You don't want to talk to me; you have
ق بر پݰیک اوالتگریو کو رم۔,To dig a grave is a social/joint work.
ریٹی۔,Some people snore as soon as they go to
ق ڑوچ کوریک ,  to swallow
بومان۔َ,Because my throat is hurting I cannot swallow
پچیتائی۔,Today the contractor gave the workers a bad
ژیبیلیک۔,Food should always be eaten in the same
دونیان۔,The Gujurs give a fixed grazing land
بوَشیٹی۔,There are many iron mines in Chitral.
پویسی اسوم۔,Today I have seen a strange thing/event.
بوئی۔,Not every woman can make dehydrated
ہوئی، ق و روت۔,Even if you eat up his money
بیریَ کا ق وژد کونیان؟,Who are shouting (i.e. making noise)
جواریَسوران قونہ پچیتائی۔,They roasted ears of corn on burning coals.
نہانگَموشو قوہت اریر۔,The dragon swallowed up the man
-بیری ن شَ۔ کا ق وَیران۔,Come/go out; someone is calling (you).
ہرین اسور۔,On (my) failing in the examination (my) father
ق ہرَ , anger
مہ تتے ق ہر گویان۔,I am feeling angry at you.
شیر۔,Cloth has been glued onto the wood.
کا ,who 
َ کا تہَ مݰیک اسور؟,Who has called you?
جم۔,Who among us is good?
َ کاَ مہ پائسان ال دو۔,Someone has taken my money
گوردوغو کارَد رونگ بوئی۔,A donkey's ears are long.
مہمہَا ستاد کاروٹو بیٹےَ اسور۔,My teacher has become deaf
کان شانہ چھاغَََکونیان۔,Trees provide shade in the courtyard.
 کان و kánu , blind; blind person;
کان و کیہَ مݰکیر۔َغیچ۔َ, What does a blind man want? Eyes.
کائی , elder sister
اسور۔,My elder sister has called me.
کپھیٹیَ , wooden spoon; with handle on side
نییک۔,Now the custom of using wooden spoons
کٹوریَدراوے۔,Shake the mulberry trees and put the
ڈخینیان۔,The boys are cracking fruit pits. 
 کروپ ھیَکَ ,to crow (of cock; rooster)
ہوازکوَکروپ ھیکوَہوازَگویان۔َگویان۔,I can hear a cock crowing. 
کروَٹَ , big; thick irregularly shaped
ستانیر۔,Proverb. The river brings a big piece of wood;
ک روݯ , burned up
َََ پروانہ انگاروَغیری ک روݯَہوئی۔َ,The moth flew into the flame and was
روݯَہوئی۔َ,The boy was consumed with passion for
ک روئیک , to be temporarily annoyed or estranged from someone
َََ پھارَہیرا ک روئی پلوغَشیر۔,There is a red apple over
َََ تہَغیچ ک روئی بیٹےَ شیٹی۔َ,Your eyes have become red.
تتےکریم اریتُاما؟,Did I turn my back on you? (i.e. You aren't
کڑامَژوڑوَ سوَژ یبیکو بو جم بوئی۔,It is good to eat turnips with nuts.
ک ڑوݯر , chick; young chicken 
 ک ڑومَ , deep
بوئی۔,Fish live in deep ponds.
کوس۔َ,You don't understand very deep words.
ہیہَدیہا جوش ک شونَشیٹی۔,There are ten households in this
کݰیٹر جواریَسورو اوائی۔,The magpie took away an ear of corn.
 کݰیَکَ ,to slaughter
َََ متے کہاک کݰور۔,Slaughter a hen for me.
َََ ہیس تن پایو کݰیتائی۔َ,He slaughtered his (own) goat.
زمینداران کݰیکَ ش روغ اریٹی۔,The farmers have begun to plow.
تائی۔َ,In the old days they used to have good plows
کلکور بیرموغہ ن شیَاسور۔,The dove is sitting on the walnut tree.
کلیر , dead body; carcass (of haram animal)
رینیوَ کلیر پونہَ پیڅیھَََشیر۔,The dead body of a dog is left lying in the road.
 کما , how many (countable objects)
تہَ کماَ ژیژاؤَََاسوئی؟,How many sons do you woman
 ای کمیری پونیری پھار بغائی۔,One/a woman went past along the road.
کَن دوریَ , how much (non countable)
ژوَہوئی؟,This year how much was your
پیری سَلیری کو ن ویشیسان؟,Why are you writing with a
pencil? کَََوَتیرََ kutér n,knife
پلوغانَََچھییی۔,Cut the apples with a knife.
 کوٹ ھو, shoulder
االئی۔,S/he put it on her/his shoulder and
کوݯ ھون کوش بوئےَ شیر۔,The beans/legumes have formed pods.
غیریتائی۔َ,It hailed and caused the apricot blossoms to
ہمو کورا لیتاؤ؟,Where did you find this?
,کیہ کوریک اسقان، کیہَ ژَیبیک زورَ۔َ It is easy to work; it is difficult to eat.
ریٹیَ کوڑو ݯَاچھیران۔,The dog is gnawing a bone.
نوَبویان۔,The man cannot walk because his leg is
ہوئی۔َبوَکوسیَمہَپونگَکوشَہوئی۔َ,From walking a lot my feet became
َََ شیرجوَ کوش بوئےَََشیرر۔,The lentils have formed pods.
کووور ݯھییےی ژیبونیان۔َ,Pigeons are eating (grains) in the field.
کوئیتو ا سپ روؤ پوشیری نو بوئی۔,Fig blossoms cannot be seen.
کݰیتائی۔,They killed/slaughtered twenty hens.
ََََ کہاکَََائیکون نوَدرینیان۔,The hens aren't laying eggs.
مہ حصّہ گ؟ , Which one (of these) is my share?
کیاَغَ ,interrogative pron what?
کیاغَ مݰکیسان؟,What do you want?
ہیت کیانیَبونیان؟,What are they doing? (i.e. why are they
کیائی، کیچہَ اسَوَس؟,How goes it how are you?
بوئی۔,The price of a sheep is less than that of a goat.
 کیرییَکَ ,to cry; weep
کیریی کیرییَہوروَغیچ کوش ئر رو۔,From weeping continuously his/her eyes
ت و کیہَوت بیسان؟,When are you going?
ق لمانَموژی کیوایل کہ تہ خوش کتی۔,Take whichever of the pens you like.
ژَیبیلیک۔ُ ̌,One should definitely eat fresh greens
شیر۔َََ ,The wall of my room has fallen down.
کھانجَٹرَََشیر۔ ,The wall of my house (has fallen down and) is ruined.
کھانیسَمہ ݯ ھمیران۔,The moong beans are giving me a stomach
شیتام۔َََ,I went to Nowshera and sat in a boat.
َََ فقیروَ گوڑوَََک ھشٹے شیر۔َ,The mendicant has a begging bowl
ک ھَݰیَکَ , to rub; to grind by rubbing
ک وَمورو پو رو ک ھݰیران۔,The girl is grinding burnt goat horn (to make
ک ھݰیئک kha ṣéik vt to wet/dip bread,in moist dish ( dzah )
ݰپیکوَ شخہ ک ھݰاوے۔,Dip your bread in the cooked vegetable.
ژوڑی ک ھلَہوئی۔,The apricots are finished.
اسمائی کھوٹ گٹیَ شیر۔,The sky has clouded over.
تت تییَیاووَسوم بوَ کھوٹوٹَہوئی۔,The father scolded his son severely.
موش ک ھوئی پھار بیران۔,Limping the man is going over there (away from speaker).
 ک ھور , weak; dim (of eyesight)
پورار ئ َ مہَغیچ ک ھور بیٹےَ شیٹی۔,My eyesight has become weak since last
کھوڑَیَ  ,  left
ہے ڈق کھوڑی اسور۔,That boy is left -handed.
بیتیَاسور۔,My son has gone somewhere and hidden.
ک ھَََوَ شونَ ,household
 کھول ,threshing floor
کرامینیان۔,Some people even today thresh on a
سوروَدیاؤتائی۔,Previously women used to wear
مہ لیشوَ گاربیریَ بیتیَاسور۔,My cow is pregnant.
گاڑیَ پشاوروتَََبیران۔,The vehicle is going to
َََ تہ شانہ ݰئیلَ گازَشیر۔,There is a nice lawn in your courtyard.
َ لیشوَ گازان ژَی بویان۔,The cow is eating grass.
ور۔,wind blows and leaves move.
ن َیسیََََاسور۔,There is a little child sitting at the foot of the wall.
 گدیریَ , mad person 
گدیریَمہَدویان۔,The mad person is hitting me.
گراس ای فصلوَََنام۔,Millet is the name of a crop.
مہ گرامٹر ݰو بو جمَموش۔,My neighbor is a very good man.
لچٹر لچ گرانیش یوراَموَ رَپھے۔,Don't stand in the sun at high noon.
گراہ , snapping turtle; eclipse
ݯوکیتائی۔َ,A snapping turtle grabbed the swimmer
َََ یورا گراہَݯوکیتائی۔,A solar eclipse began.
انجیلیک۔,In summertime one should wear white clothes.
 گَرواَنَ ,  top part of front of shirt
مہ گروان تو صدفَشیٹی۔,There are buttons on the front of my
ہورو بکہ لوٹ گ روڑیَشیر۔,S/he has a big goiter in her/his neck.
 گرواڑوَغَ ,peach
گرواڑوغ پوݯرَ شیٹی۔,The peaches are ripe.
گرینَجَ ,  hulled; uncooked rice 
باس مٹے گرینجَ سفانَسار اصل۔,Basmati rice is the best of all.
گڑیَ ,timepiece
گڑیا کیہ ٹیمَہوئی۔,What time is it on (the/your) watch/clock?
 گالس ,indigenous cherry; glass/tumbler (for
گالس ݯھییےاراَمٹیَ مش پچوران۔,Cherries ripen in May in Chitral.
گم بوریَ , flower; pox
َََ تہَہوستہ گمبوریو کاَ تتَدیٹے اسور؟َ,Who has given you the flower in your
شیٹی۔َ,Pox have come out on the children.
گمیݰ لیشوَسار بو ݯھیرَدوئی۔,A buffalo gives more milk than a
cow. گوخ gox n hollow in a tree,trunk
کانو گوخوَ مݯیھَ ماڑیَشیر۔,There is a beehive in the hollow of the tree.
گور , witch; grave [burial place]; alert
بیر دوَ ہنون گور بس بغائی۔,Today the dead person has gone to spend
گوسان؟,Why are you coming to school late?
گوردوَغَ , donkey; ass; figurative; idiot; stupid person
بوگوردوغوَسوریَبارَبوَشیٹیََ۔َ,There is a lot of load on the donkey.
َ گوردوغ ڑوئیرانَ۔َ,The/a donkey is braying.
َ گوردوغَ ڑوئی بارا۔,Proverb. When the donkey brayed he got
پرائی۔َ,He proved to be a very stupid person; he
پ ھوکَژاؤ تتو گوڑی ݯوگ اشور۔,The little son is clinging to his
ہیہَ گوڑوَ مہ بوژوئی شیر۔َ,In this gully is my property boundary
گوسنان ماژی صفاَََکورے۔,Sweep up the trash and clean (the place).
ݰپیکوئے گوݰ کونیان۔,They are making dough for bread.
گوݰیٹی , flat wooden stick with rounded
گوݰینیوَسوراَ ݰپیکو اویہیے۔,Turn over the bread with the dough -turning
گول ,  side valley having a stream with water
نیئیَگولوَسوریَسیرَنیئیَاسوئی۔َاسوئی۔,They have built a bridge over the stream. (A bridge has been built over the stream.)
 گوم,  wheat
شی۔,When you sow wheat you get wheat;
گومیت , n brother -in-law 
مہ گومیت گیٹے ا سور۔,My brother -in-law has come.
َََ بیل تو گونَدیٹے شیرا، نو؟َ,Has a handle been put on the spade or
َََ مہ گوناَگتر۔,Come near me.
پیݰیرو گونخر لکیھَ شیر۔,The flour has been put in the store -room.
گیر , saw 
بوئی۔َ,One can't walk on a dark night without a
ہاواَدوݰَپشاورارَہَاَاتام۔,I came from Peshawar yesterday.
ہیس تن باروَمہ گیردائیَ پرائی۔,S/he put her/his burden on my neck.
پوچیروَال ڑوؤ لوڑی چھییی۔,(a) Look for (select) a ripe melon and pick
َلََ غلَ ,  very good; excellent
 زپان ن گیَ ال غل اریر۔,S/he washed the clothes and got them
غل لیتتام۔ )ََ)ََ,Inside the rock I found a spinel crystal.
َََ ہیس تن بوکو الکیتائی۔َ,He divorced his wife.
پلوغانَالؤ بوَ شیر۔,There is a lot of fruit on the apple
trees. لب ل بوَ lablabú n,beet
لب ل بو بوَزوالو ا شناری۔,The beet is a very tasty thing.
لچھیئک , to boil
لچھاوے۔,Boil the (pieces of) meat well.
لژیکَ ,pounded split wheat boiled
سور پونگان لژیکَدرا ا سوئی۔,A dish of head and feet together with split
لکھومان۔,Because my leg hurts  I am stepping
اسقان۔,It is easy to make a house in a flat place.
لکھیک ,to place; put; keep
َ کتابوَمیریہ لکیھ اسوم۔,I have put the book on the table.
َ کہ جم بیرائیَ تنَ دستہ لکھوم۔,If it proves good I will keep it with me (Lit.
اوا تتے لوَدیکو نو پ توسان۔,When I speak to you; you are not
 لوڅ , light (in weight)
لوڅ اشناریو ا سنیئک اسقان۔,It is easy to lift a light object.
ڈق جہازو لڑینیان۔,The boys are watching/looking at the plane.
لوس نوکو پ ھوک کوریلیک۔,(You) should make (your) morsel/bite smaller.
 لوسیَکَ , to eat a morsel/bite (of food)
یم نو پخٹے ل سونیان۔,The guests are eating morsels of rice.
لوݰیَکَ , to singe the feathers of a bird 
پایوَسور پونگان لݰینیان۔,They are singeing the hair of the goat's head
دپھیران۔,Having heated the iron red -hot
لوہتیَکَ , to roll on the ground 
ڈقَزخیم بیٹے ݯھوتیٹی لہ توران۔,The boy having been wounded is rolling on the gorund
لہازو اسپتالہ االئی۔,They took the patient to the hospital.
لیران۔َ,The dog is licking its master's feet.
لیمان۔,Every morning putting honey on my finger
ل گیٹیََ , tongue
ہوؤ ل گیٹیَ نوَتیھ ئوران۔,His/her tongue is never still. (i.e. S/he is
مزدوران کھانجان لیپینیان۔,The laborers are plastering the walls.
لیݯھیک , step on something
څیڅیقَ کھارانَََلیݯھینیان۔,The children are trampling the beds of the kitchen garden.
 لیئَکَ ,to cut/harvest
َََ پائسہ لیئکَ غریبو بحرے گران۔َ,It is hard for a poor man to find money.
َ گوم لیئک کیہ گران ا شناری۔,To harvest wheat is not a difficult thing!
پھوردوؤ لیری ݮو کاَ نیرییتائی۔,Who took the bark off the sapling?
لیٹی نیٹی کیہ ا شٹوک۔,A game in which blood is spilled is no (proper)
ژینگوغو ماریکوَبوسا؟,Can you kill the scorpion?
ماڑ , den (animals); living place (humans)
َ کہاکَماڑَ مݰکیران۔,The hen is looking for a nest/place to lay
َََ مایون کانہَماڑَدیٹے ا سور۔,The oriole has made a nest in a tree.
ماݰان پھوئیَ پازگاہَََکوؤ۔,Blow away the husks and clean (the grain).
 مَتار , ruler (mehtar) of Chitral
متار خوشان بیٹےَ مہربائی کوراؤتائی۔,When the Mehtar was pleased he would wlecome you
ہݰ کھواروَ متالَ متے بیان اریر۔,S/he told me a Khowar proverb.
 مخ ,face 
ڈق تنَ مخوَ نو ن گی اسور۔,The boy has not washed his face.
اوا نوغَ مخیری کوری اسوم۔,I have built a new verandah.
مݯیھ بوَویز ا شناری۔,Honey is a thing of great medicinal
بوئی۔,Fish meat is the most expensive
of all. م رݯ mra č ̣ n mulberry,(tree or fruit)
م رݯ ݯ ھ نور گ۔,Knock down some mulberries (with a
long stick)! مرکھان markhán n fog مرکھاناَ ہیش کھیو نوَپوشیتام۔م۔َ َُ,In the fog I couldn’t see anything.
مَڑاغَََکورے۔,Tie up the flour in a cloth well.
کمروَ مژی اسوسا؟,Have you swept the
room? مس mas n,moon; month
َََ مس پنجراݰَ بیٹےَََشیرر۔,The moon is full.
َََ مس چٹیَ گیٹےَ ا سوم۔,I have come on a month's leave.
مشی کھانجَدویان۔,The mason is building a wall.
 مݰکیکَ ,to ask for; to look for; to beg
اوا کیُاغ نوَ مݰکیمَان۔,I am not asking for anything.
مَکافَتَ , sudden/unexpected problem 
کیہَدیَ مکا فیےَوئیتوَدونیان۔,One encounters so many calamities.
 مگاس =,housefly
مگاس گریݰپو ٹ پَبوئی۔,There are a lot of flies in summer.
 م گم , but
غریب۔,That man is good but (he is) poor.
بوݯھوݰیٹی۔,Violets bloom early in the spring.
غیرییَسفارَکوریکَ مش کل۔,If one doesn't have a companion it is difficult
َََ مہ لوؤ نوَ منیتائی۔,S/he didn't accept what I said.
َ کمروؤ نوَ منیتائی۔,S/he didn't plaster the room.
کَݰیتائی۔,The dull knife wasn't able to slaughter the adze
 مَََوَدیک ,to churn; shake
مَََوَدیکوَََنوَبیتائیی۔,S/he could not churn  the buttermilk well
 ۔ موڑ ,lower part; bedding
شیٹی۔,The bedding hasn't been spread.
موڑیَ,  down 
ت ݯھوَ مَوژَ ٹ پَََبیرائی۔,The (bones of the) (male) goat turned
َََ موژہ ن یسیَ کیائی بوسان؟,Why are you sitting in the center?
نور۔,Divide the (shared) thing among
جمَموش نو چنگیر۔,A good man doesn't tell lies.
مہچَځاہوَپینَبیتیَشیر۔,The chili in the food is (too) hot. (i.e. strongly
ہیسَمہمیرییٹیَ ژویا پھار ن سائی۔,S/he jumped over the water channel (in direction away from speaker).
 مُخ ,nail
مُخَداروَ نوَََݯوکیتائی۔,The nail did not penetrate the wood.
مییک , uncle 
مہَمییکَ متَ ژان پالیران۔,My uncle feels much love and sympathy
یم نوَشاناَ ن یسیَ اسوئی۔,The guests are sitting in the
کیہ میوہ دی پوچیَشینیا؟,Are any fruits or anything ripe? 
میہ , lower back; waist
کسیران۔,S/he is walking bent over because of a position).
 نابیہیل  ,disowned
تت تییَیاوو نابیہیل اریر۔,The father disowned his son.
 ناغزَیَ  ,dirty
زپ ناغزیَہوئی۔َݰاؤ ن گ ور۔,(The/your) clothes have become dirty; wash
تیریاوے۔َ ناگاہَ کا گوئی۔َ,Hurry up - someone might come suddenly.
ناالئق روئی تیارَ کورموَتونجیر۔,An incompetent person ruins (even) a
ناواہَڅَ , difficult; inconvenient; dangerous
ناواہڅَ ژغائیَ مو کوےس۔ ٹھور بوس۔,Don't walk in a dangerous place; you will fall
نخ , sleeping nook/alcove (inside the house);
َ یو مونو نخی پاریٹی۔,In the winter (people) sleep in the
َََ متار نخہ ن َشَیَاسور۔,The Mehtar is sitting in the bāradarī.
نخوئی ,chick pea; garbanzo; bean
نخوئیَدال لیئو ٹ پیر۔,Chick peas increase a person's blood.
 نرکوکو , cock; rooster
نرکوکو جم ک رپ ھیران۔,The cock is crowing lustily.
نس ,segment; piece; edge
نسَمہَہوستہَہوئیَ۔,The stick broke and a piece came off in my hand. 
نست ,previous times;  in front of; ahead;
َََ ریٹیَ سفوَ سار نسیےَایہ اریر۔َ,The dog set off ahead of everyone.
َََ نستوَروئی دی ت ھرارَاوشوئی۔,People of past times too were very
ن سیَکَ , to come out; to leave; go off
تھوئیک ن سیکو ٹ کَزرانَہوتُام۔,When the gun went off I was severely injured
پھیک بیٹےَ ن شیکَمہَ دش۔,I don’t like to sit quietly (without speaking).
ن ݰَ پَوَڑیَکَ , to be uprooted; break off
َ چنار ن ݰپوڑیَشیر۔,The chinar has been/is uprooted.
ݰپوڑیتائی۔َ,In the strong wind the chinar tree was
ن ݰپیرییکَ , to uproot; pull out
ݰپیریے۔,Pull the weeds from the maize field.
 نݰَکَ ,beak; bill
کوریکاغَبوغوزوَنݰکہَکوریَاوائی۔,A crow carried the frog away in its beak.
ن یسے ن ش۔ تہ پاشیم۔,Come out I will show you.
 نغڑا چو,naγɫáču n rolling pin
نغڑاچو کورا لکیھ اسوس؟,Where have you left/put the rolling pin?
کوئی۔,What acts as a remedy for a
پَسَہ دوریہَدوریَ کماَنفری۔,How many persons are there in your
ڑوم۔,Khowar proverbs also have very deep
زپ ن گیک کیہ گیران۔,It isn't difficult to wash clothes.
نموئےَ کوسیکو پونگو ځوخَدوئی۔,If (you) walk barefoot thorns will prick (your)
ن میریوَوختَݰوئی بیٹےَ شیر۔,The time for prayers is
نن تن اژیلیوتَژان پلیر۔َ,
نو , not
روغیَ ,backwards
چیرییان ن و رَوغیَ موَََانچر۔,Don't put your shoes on the wrong feet.
ن وریکَ ,to separate into groups
ن ری کا نو اسوئی۔,No one has separated
ن وژان ,  strange; unknown; unfamiliar
ن وژان موشَ مہ شاناَََہائی۔ , A strange (unknown) man came to my courtyard.
نوغَ کاَ گیٹےَََاسونیا؟,Has anyone new come?
نوغورَ پیڅھونوَ بیٹےَََشیٹی۔,The forts have been abandoned.
نوکیھََ , small wooden water; conduit; drain
بݰَیر۔َ,Fix the drain and make it ready
ن وما , later
َََ ہتیت نوماَ گونیان۔,They haven't come yet.
َ نوما،َدار بتَ درے۔,Not yet - wait for a little while.
نوویس , nephew; niece; grandchild 
بیہیل کوریتائی۔َ,The grandfather summoned his geandchild
نوغ نوَنوئیتائی۔,The new moon did not appear/has not
ن ویریک , to sort; to; exclude; boycott;
ویریَتُام۔,I separated out the rotten eggs.
نیرییَکَ , to take out; to take (a photograph); to solve;
چاقوؤ ئ َََنیرییتائی۔,S/he took out the knife.
 نیوہ  ,nine
نیوہَ ژون اشٹوک کونیان۔َ,Nine people are playing/dancing.
تنَ ہردیو لوؤَمہ گوناَ ئ نیتائی۔,S/he disclosed to me what was in her/his
واژَ موٹو بیٹےَ شیر۔ پاغی انگتر۔,The adze has become dull - go sharpen it.
واَغَ , price; rate;
ہیہ کتابو واغَکندوری؟,What is the price of this book?
واؤَ ݰپیکَ ژیبیکوبیکوَنوَبویان۔,The old woman can't eat (because of
بوئیکوَورا زن چھیٹےَ شیر۔,The bird’s wing is broken.
 ورازئی , pillow
ورازئیَ پسٹےَ اریر۔,The pillow was too low (i.e. thin).
ورانگ , skin of goat softened and worn 
پژالو کریم توَ ورانگَشیر۔,The shepherd has a skin cloak
 وریݱنوَ صحتوَ بچے جم بیرائی۔,(They say) garlic is good for the health.
ورینځ , sharp; piercing pain in chest or back
َورینځ ݯوگَََشیر۔,I have a sharp pain in my chest.
وَقھیک ,to bark; to talk; nonsense
ریٹیَ وقھیران۔,The dog is barking.
مَائنانتےَ ول بیک کیہَاسقانا؟,Do you think it is easy to keep a lookout for
گمبوریوَووری کھوٹ اریر۔,The fragrance of the flowers intoxicated (someone). 
وو شنَ ,broom made of twigs
َََ وو شن کوئی بغائی۔,The broom is lost somewhere.
َََ وو شون کوئی بغائی؟َ,
ووݰیکََ , postposition; side; toward
وولٹیََ دوروَووݰیکَََبیمان۔,I am going toward (my) home.
گَ وولٹیَ رایہ ا رو؟,In which direction have you set out? 
 ہتیت نوَزاؤنیان۔ , They aren't agreeing (to what is being asked of them).
ویݰیئَکَ , to send (a person); to marry off 
 ہݰَمہ کیہ نو بوئی۔,S/he is no relation to me.
زا روؤَ ہش نو تروران۔,The old person's mind/memory is not
ہݰ لوَموَ دیت۔َ,Don't say such things.
اوا پشاوراَ ہل بومان۔,I live in Peshawar.
ہل مستَ , lightning; strike/bolt
ہل مسیےَیوما خومیتائی۔,Lightning struck on the mountain. 
ہمال ,equinox
بو سونوَ ہمالَ اکیسَمارچہ ت رور۔,The spring equinox comes on March
. ہموݰَ , like this
اَ نو دیٹےَ اسور۔,No one has said anything like this.
َََ ہموݰ کوری ضائعَمو کوَ۔َ ,Don't waste it like this!
 ہموئیَ,  this 
َََ ہݰَ ہموئی تنَدورا توریتائی۔,By now s/he has reached his/her home.
َََ ہیمَ روئی کیائیَََ بونیان؟َ,What are these people doing!? (i.e.
موَدیت۔َ,Don't go and say these things anywhere
ہمیت , these (animate ; inanimate)
َََ ہمیت نوَ ن شینیان۔, they are not sitting
َََ ہمیتَمہَ کورما نوَہائی۔َ,These (things) weren't useful for me
چنگیر۔,S/he always tells lies.
ہنونَمینو کاَ نییک۔,There are no guests today. 
ہواز , voice; sound
ہوازَمہ کارا نو پرائی۔,I didn't hear the sound/voice.
اواَ دواہتوَ ہوریتُام۔,I opened the door.
ہوسَتَ ,hand
ہوستو پونج چموٹ بوئی۔ , A hand has five fingers. (There are five fingers on a hand.)
ہوݰ کوریکَ , to recognize; understand
نوَاواَمینوؤَہوݰَنوَاریتَاریتام۔,I didn't recognize the guest.
سینوہونَگیتیَسینوَبوتیتائی۔َ,A flood came and blocked the
ہیمݯھییےاراَیومونوَہیمَکوئی۔,In Chitral it snows in winter.
ہیہ , this; this/he/she; (near; visible)
ہیہ ریڈیو جازیرَ بیتیَشیر۔,This radio is out of order/not
ہیس تہَخوشا؟,Do you like him/her/it?
یار,helper; mate; wife
بوئی۔,If one has a good companion/wife life is enjoyable
یکشنبہ ,Sunday 
یکشنبینَشکاری چٹیَ بوئی۔,There is a government holiday on Sunday.
 یو, down here 
یو گتر۔,Come down here.
دَََوَرَہوئی۔,After raining for seven days then the sky
یور کھوئیَ بغائی۔,The sun went into the clouds.
یومونوت امبوہَدار حا جت۔ مہَسار پائسہَوام گٹی ای یورانَہوئی۔,It has been a year since you/someone took the loan from A lot of wood is needed for
یو رو ,blood vessel 
ئ َََگتر۔ یو روَہوستوَسورتو نُایونیان۔,Come up here (toward speaker).
یوزہ ا و شوپیَتام۔,I slipped on the ice.
